fold,repeat,config,model,n_train,n_test,Accuracy,Precision,Recall,F1,AUC,Specificity,MCC,Brier
0,0,Default,LR,241,61,0.8688524590163934,0.8571428571428571,0.9090909090909091,0.8823529411764706,0.9047619047619048,0.8214285714285714,0.7361174128087679,0.12178136197848634
0,0,Default,DT,241,61,0.7049180327868853,0.6923076923076923,0.8181818181818182,0.75,0.6948051948051949,0.5714285714285714,0.4043178090878734,0.29508196721311475
0,0,Default,RF,241,61,0.819672131147541,0.8055555555555556,0.8787878787878788,0.8405797101449275,0.8831168831168831,0.75,0.6371165579527096,0.13468196721311473
0,0,Default,XGB,241,61,0.7868852459016393,0.7941176470588235,0.8181818181818182,0.8059701492537313,0.8560606060606061,0.75,0.5700355973915344,0.16805878281593323
0,0,Default,NB,241,61,0.8360655737704918,0.8285714285714286,0.8787878787878788,0.8529411764705882,0.9177489177489176,0.7857142857142857,0.6695942095771606,0.12990113104486606
0,0,Default,KNN,241,61,0.8360655737704918,0.8484848484848485,0.8484848484848485,0.8484848484848485,0.8544372294372294,0.8214285714285714,0.6699134199134199,0.1540983606557377
0,0,Default,Stacking,241,61,0.8524590163934426,0.8333333333333334,0.9090909090909091,0.8695652173913043,0.8993506493506493,0.7857142857142857,0.7040083136069528,0.12430137274970937
0,0,Tuned,LR,241,61,0.8688524590163934,0.8571428571428571,0.9090909090909091,0.8823529411764706,0.9047619047619048,0.8214285714285714,0.7361174128087679,0.12178136197848634
0,0,Tuned,DT,241,61,0.7868852459016393,0.7941176470588235,0.8181818181818182,0.8059701492537313,0.8495670995670995,0.75,0.5700355973915344,0.15890792332431167
0,0,Tuned,RF,241,61,0.819672131147541,0.8055555555555556,0.8787878787878788,0.8405797101449275,0.9047619047619048,0.75,0.6371165579527096,0.1330870315050581
0,0,Tuned,XGB,241,61,0.819672131147541,0.8055555555555556,0.8787878787878788,0.8405797101449275,0.9101731601731602,0.75,0.6371165579527096,0.12895995378494263
0,0,Tuned,NB,241,61,0.8360655737704918,0.8285714285714286,0.8787878787878788,0.8529411764705882,0.9177489177489176,0.7857142857142857,0.6695942095771606,0.12976514064708108
0,0,Tuned,KNN,241,61,0.819672131147541,0.8235294117647058,0.8484848484848485,0.835820895522388,0.8923160173160173,0.7857142857142857,0.6362683048979794,0.12887996728746146
0,0,Tuned,Stacking,241,61,0.819672131147541,0.8235294117647058,0.8484848484848485,0.835820895522388,0.908008658008658,0.7857142857142857,0.6362683048979794,0.12139501689132104
1,0,Default,LR,241,61,0.8688524590163934,0.8378378378378378,0.9393939393939394,0.8857142857142857,0.933982683982684,0.7857142857142857,0.7396603423852208,0.09864553702986473
1,0,Default,DT,241,61,0.8032786885245902,0.8181818181818182,0.8181818181818182,0.8181818181818182,0.801948051948052,0.7857142857142857,0.6038961038961039,0.19672131147540983
1,0,Default,RF,241,61,0.8852459016393442,0.8611111111111112,0.9393939393939394,0.8985507246376812,0.9215367965367965,0.8214285714285714,0.770900069261196,0.11647540983606557
1,0,Default,XGB,241,61,0.7868852459016393,0.7777777777777778,0.8484848484848485,0.8115942028985508,0.8896103896103896,0.7142857142857143,0.5702248022984665,0.15394505858421326
1,0,Default,NB,241,61,0.819672131147541,0.8055555555555556,0.8787878787878788,0.8405797101449275,0.9025974025974026,0.75,0.6371165579527096,0.15493694845786007
1,0,Default,KNN,241,61,0.7868852459016393,0.7941176470588235,0.8181818181818182,0.8059701492537313,0.8354978354978355,0.75,0.5700355973915344,0.15934426229508192
1,0,Default,Stacking,241,61,0.8360655737704918,0.8108108108108109,0.9090909090909091,0.8571428571428571,0.9047619047619048,0.75,0.6723181321083574,0.11941586573592024
1,0,Tuned,LR,241,61,0.8688524590163934,0.8378378378378378,0.9393939393939394,0.8857142857142857,0.933982683982684,0.7857142857142857,0.7396603423852208,0.09864553702986473
1,0,Tuned,DT,241,61,0.7704918032786885,0.7567567567567568,0.8484848484848485,0.8,0.8344155844155845,0.6785714285714286,0.5376337115546307,0.17690189587274288
1,0,Tuned,RF,241,61,0.8852459016393442,0.8421052631578947,0.9696969696969697,0.9014084507042254,0.9274891774891776,0.7857142857142857,0.776718627563389,0.11792894063680309
1,0,Tuned,XGB,241,61,0.819672131147541,0.7894736842105263,0.9090909090909091,0.8450704225352113,0.9264069264069263,0.7142857142857143,0.6409597843503038,0.11584287136793137
1,0,Tuned,NB,241,61,0.819672131147541,0.8055555555555556,0.8787878787878788,0.8405797101449275,0.9025974025974026,0.75,0.6371165579527096,0.1546990659241136
1,0,Tuned,KNN,241,61,0.8032786885245902,0.8,0.8484848484848485,0.8235294117647058,0.8852813852813853,0.75,0.6030710063455536,0.13482691921288942
1,0,Tuned,Stacking,241,61,0.8360655737704918,0.7948717948717948,0.9393939393939394,0.8611111111111112,0.9231601731601732,0.7142857142857143,0.678355435247432,0.11440147573316334
2,0,Default,LR,242,60,0.85,0.896551724137931,0.8125,0.8524590163934426,0.921875,0.8928571428571429,0.7041792564641388,0.12159946300626251
2,0,Default,DT,242,60,0.6833333333333333,0.782608695652174,0.5625,0.6545454545454545,0.6919642857142857,0.8214285714285714,0.3939486873173288,0.31666666666666665
2,0,Default,RF,242,60,0.8333333333333334,0.8666666666666667,0.8125,0.8387096774193549,0.8973214285714286,0.8571428571428571,0.6681531047810609,0.1358833333333333
2,0,Default,XGB,242,60,0.75,0.84,0.65625,0.7368421052631579,0.8493303571428571,0.8571428571428571,0.5195170441705195,0.17445716261863708
2,0,Default,NB,242,60,0.55,0.6666666666666666,0.3125,0.425531914893617,0.7879464285714285,0.8214285714285714,0.1543033499620919,0.42260277454897044
2,0,Default,KNN,242,60,0.7833333333333333,0.8275862068965517,0.75,0.7868852459016393,0.8203125,0.8214285714285714,0.5704743343506947,0.17466666666666664
2,0,Default,Stacking,242,60,0.8166666666666667,0.8620689655172413,0.78125,0.819672131147541,0.8872767857142857,0.8571428571428571,0.6373267954074168,0.13124498444942445
2,0,Tuned,LR,242,60,0.85,0.896551724137931,0.8125,0.8524590163934426,0.921875,0.8928571428571429,0.7041792564641388,0.12159946300626251
2,0,Tuned,DT,242,60,0.85,0.8285714285714286,0.90625,0.8656716417910447,0.8565848214285714,0.7857142857142857,0.7002186247515697,0.13293765285943387
2,0,Tuned,RF,242,60,0.8666666666666667,0.875,0.875,0.875,0.9073660714285715,0.8571428571428571,0.7321428571428571,0.14120745817181896
2,0,Tuned,XGB,242,60,0.8333333333333334,0.8666666666666667,0.8125,0.8387096774193549,0.9051339285714286,0.8571428571428571,0.6681531047810609,0.11829458922147751
2,0,Tuned,NB,242,60,0.7,0.7692307692307693,0.625,0.6896551724137931,0.7879464285714285,0.7857142857142857,0.41349254254555623,0.243477364394142
2,0,Tuned,KNN,242,60,0.8,0.8571428571428571,0.75,0.8,0.8727678571428571,0.8571428571428571,0.6071428571428571,0.14488888888888893
2,0,Tuned,Stacking,242,60,0.85,0.896551724137931,0.8125,0.8524590163934426,0.9084821428571428,0.8928571428571429,0.7041792564641388,0.12241847578558636
3,0,Default,LR,242,60,0.9,0.8857142857142857,0.9393939393939394,0.9117647058823529,0.931537598204265,0.8518518518518519,0.7984472665856134,0.09211245355269057
3,0,Default,DT,242,60,0.8,0.8387096774193549,0.7878787878787878,0.8125,0.8013468013468014,0.8148148148148148,0.6000059924121083,0.2
3,0,Default,RF,242,60,0.8833333333333333,0.8823529411764706,0.9090909090909091,0.8955223880597015,0.9259259259259259,0.8518518518518519,0.7639496026464712,0.09853833333333334
3,0,Default,XGB,242,60,0.8666666666666667,0.8378378378378378,0.9393939393939394,0.8857142857142857,0.9135802469135802,0.7777777777777778,0.7338329802200695,0.10208845138549805
3,0,Default,NB,242,60,0.7333333333333333,0.6808510638297872,0.9696969696969697,0.8,0.8855218855218856,0.4444444444444444,0.5001115780874529,0.23860215453735484
3,0,Default,KNN,242,60,0.8666666666666667,0.8378378378378378,0.9393939393939394,0.8857142857142857,0.931537598204265,0.7777777777777778,0.7338329802200695,0.09933333333333334
3,0,Default,Stacking,242,60,0.9,0.8648648648648649,0.9696969696969697,0.9142857142857143,0.9337822671156004,0.8148148148148148,0.8027374854050526,0.08559217898203832
3,0,Tuned,LR,242,60,0.9,0.8857142857142857,0.9393939393939394,0.9117647058823529,0.931537598204265,0.8518518518518519,0.7984472665856134,0.09211245355269057
3,0,Tuned,DT,242,60,0.8333333333333334,0.8285714285714286,0.8787878787878788,0.8529411764705882,0.8574635241301909,0.7777777777777778,0.6625413488689132,0.1381191904919716
3,0,Tuned,RF,242,60,0.9166666666666666,0.9117647058823529,0.9393939393939394,0.9253731343283582,0.9438832772166106,0.8888888888888888,0.8315557621727075,0.10515682387075337
3,0,Tuned,XGB,242,60,0.8833333333333333,0.8611111111111112,0.9393939393939394,0.8985507246376812,0.9191919191919192,0.8148148148148148,0.7659026105380703,0.0918395146727562
3,0,Tuned,NB,242,60,0.7333333333333333,0.6808510638297872,0.9696969696969697,0.8,0.8855218855218856,0.4444444444444444,0.5001115780874529,0.23860215453735484
3,0,Tuned,KNN,242,60,0.8666666666666667,0.8378378378378378,0.9393939393939394,0.8857142857142857,0.9214365881032548,0.7777777777777778,0.7338329802200695,0.11028415286239174
3,0,Tuned,Stacking,242,60,0.9,0.8857142857142857,0.9393939393939394,0.9117647058823529,0.9349046015712683,0.8518518518518519,0.7984472665856134,0.08717006464995708
4,0,Default,LR,242,60,0.7833333333333333,0.8125,0.7878787878787878,0.8,0.9012345679012346,0.7777777777777778,0.5640760748177662,0.1335427312279422
4,0,Default,DT,242,60,0.6833333333333333,0.7333333333333333,0.6666666666666666,0.6984126984126984,0.6851851851851851,0.7037037037037037,0.3685138655950444,0.31666666666666665
4,0,Default,RF,242,60,0.7333333333333333,0.7575757575757576,0.7575757575757576,0.7575757575757576,0.9023569023569024,0.7037037037037037,0.4612794612794613,0.12977666666666665
4,0,Default,XGB,242,60,0.8166666666666667,0.84375,0.8181818181818182,0.8307692307692308,0.9001122334455668,0.8148148148148148,0.6312279884865479,0.14842215180397034
4,0,Default,NB,242,60,0.7333333333333333,0.7741935483870968,0.7272727272727273,0.75,0.8417508417508418,0.7407407407407407,0.4659264410351009,0.22895625529279956
4,0,Default,KNN,242,60,0.7833333333333333,0.8333333333333334,0.7575757575757576,0.7936507936507936,0.8597081930415263,0.8148148148148148,0.5695214286468868,0.16000000000000003
4,0,Default,Stacking,242,60,0.7666666666666667,0.8064516129032258,0.7575757575757576,0.78125,0.8922558922558923,0.7777777777777778,0.5329662167236046,0.15101171965124366
4,0,Tuned,LR,242,60,0.7833333333333333,0.8125,0.7878787878787878,0.8,0.9012345679012346,0.7777777777777778,0.5640760748177662,0.1335427312279422
4,0,Tuned,DT,242,60,0.6833333333333333,0.75,0.6363636363636364,0.6885245901639344,0.7906846240179574,0.7407407407407407,0.37605071654517747,0.20635901611379412
4,0,Tuned,RF,242,60,0.75,0.7647058823529411,0.7878787878787878,0.7761194029850746,0.9147025813692481,0.7037037037037037,0.4935249645415256,0.1314607636792963
4,0,Tuned,XGB,242,60,0.7833333333333333,0.8333333333333334,0.7575757575757576,0.7936507936507936,0.9090909090909092,0.8148148148148148,0.5695214286468868,0.13288767635822296
4,0,Tuned,NB,242,60,0.7333333333333333,0.7741935483870968,0.7272727272727273,0.75,0.8417508417508418,0.7407407407407407,0.4659264410351009,0.22895625529279956
4,0,Tuned,KNN,242,60,0.8,0.8387096774193549,0.7878787878787878,0.8125,0.8950617283950617,0.8148148148148148,0.6000059924121083,0.1326530612244898
4,0,Tuned,Stacking,242,60,0.7833333333333333,0.7941176470588235,0.8181818181818182,0.8059701492537313,0.9001122334455667,0.7407407407407407,0.561131124067762,0.14711636488174365
5,1,Default,LR,241,61,0.9344262295081968,0.967741935483871,0.9090909090909091,0.9375,0.946969696969697,0.9642857142857143,0.8705547206093359,0.0722757397453281
5,1,Default,DT,241,61,0.8524590163934426,0.875,0.8484848484848485,0.8615384615384616,0.8528138528138529,0.8571428571428571,0.7041053139822809,0.14754098360655737
5,1,Default,RF,241,61,0.8852459016393442,0.90625,0.8787878787878788,0.8923076923076924,0.9561688311688312,0.8928571428571429,0.7699801976524022,0.08888032786885246
5,1,Default,XGB,241,61,0.8688524590163934,0.8787878787878788,0.8787878787878788,0.8787878787878788,0.9253246753246753,0.8571428571428571,0.7359307359307359,0.11491182446479797
5,1,Default,NB,241,61,0.9180327868852459,0.9375,0.9090909090909091,0.9230769230769231,0.9253246753246753,0.9285714285714286,0.8358550813225236,0.0838418056374954
5,1,Default,KNN,241,61,0.8852459016393442,0.8823529411764706,0.9090909090909091,0.8955223880597015,0.9318181818181819,0.8571428571428571,0.7687337199108693,0.10032786885245905
5,1,Default,Stacking,241,61,0.9016393442622951,0.9090909090909091,0.9090909090909091,0.9090909090909091,0.9372294372294373,0.8928571428571429,0.801948051948052,0.08116886299946063
5,1,Tuned,LR,241,61,0.8852459016393442,0.8823529411764706,0.9090909090909091,0.8955223880597015,0.9448051948051948,0.8571428571428571,0.7687337199108693,0.09598884118035583
5,1,Tuned,DT,241,61,0.8032786885245902,0.8387096774193549,0.7878787878787878,0.8125,0.8501082251082251,0.8214285714285714,0.607338671255336,0.1574950977658823
5,1,Tuned,RF,241,61,0.9016393442622951,0.9090909090909091,0.9090909090909091,0.9090909090909091,0.9534632034632035,0.8928571428571429,0.801948051948052,0.10561115894219622
5,1,Tuned,XGB,241,61,0.8688524590163934,0.8787878787878788,0.8787878787878788,0.8787878787878788,0.9426406926406926,0.8571428571428571,0.7359307359307359,0.09455058723688126
5,1,Tuned,NB,241,61,0.9180327868852459,0.9375,0.9090909090909091,0.9230769230769231,0.9253246753246753,0.9285714285714286,0.8358550813225236,0.08385003627322027
5,1,Tuned,KNN,241,61,0.8688524590163934,0.8571428571428571,0.9090909090909091,0.8823529411764706,0.9512987012987013,0.8214285714285714,0.7361174128087679,0.09065575811874331
5,1,Tuned,Stacking,241,61,0.9016393442622951,0.9090909090909091,0.9090909090909091,0.9090909090909091,0.9448051948051949,0.8928571428571429,0.801948051948052,0.08144068370917848
6,1,Default,LR,241,61,0.8852459016393442,0.8823529411764706,0.9090909090909091,0.8955223880597015,0.920995670995671,0.8571428571428571,0.7687337199108693,0.09621753570189892
6,1,Default,DT,241,61,0.8032786885245902,0.8181818181818182,0.8181818181818182,0.8181818181818182,0.801948051948052,0.7857142857142857,0.6038961038961039,0.19672131147540983
6,1,Default,RF,241,61,0.8360655737704918,0.8484848484848485,0.8484848484848485,0.8484848484848485,0.9150432900432901,0.8214285714285714,0.6699134199134199,0.11414098360655738
6,1,Default,XGB,241,61,0.8524590163934426,0.8529411764705882,0.8787878787878788,0.8656716417910447,0.8971861471861471,0.8214285714285714,0.7025010124044243,0.1422429233789444
6,1,Default,NB,241,61,0.7540983606557377,0.7045454545454546,0.9393939393939394,0.8051948051948052,0.9036796536796536,0.5357142857142857,0.5280532691976336,0.2311250256730901
6,1,Default,KNN,241,61,0.8852459016393442,0.8823529411764706,0.9090909090909091,0.8955223880597015,0.8896103896103896,0.8571428571428571,0.7687337199108693,0.12196721311475411
6,1,Default,Stacking,241,61,0.8524590163934426,0.8529411764705882,0.8787878787878788,0.8656716417910447,0.9123376623376623,0.8214285714285714,0.7025010124044243,0.10335068846535987
6,1,Tuned,LR,241,61,0.8524590163934426,0.875,0.8484848484848485,0.8615384615384616,0.9264069264069263,0.8571428571428571,0.7041053139822809,0.10955353727171771
6,1,Tuned,DT,241,61,0.7868852459016393,0.8125,0.7878787878787878,0.8,0.8452380952380953,0.7857142857142857,0.5723555466420381,0.16198775040135052
6,1,Tuned,RF,241,61,0.8524590163934426,0.8529411764705882,0.8787878787878788,0.8656716417910447,0.9188311688311689,0.8214285714285714,0.7025010124044243,0.12031461378025209
6,1,Tuned,XGB,241,61,0.8688524590163934,0.8571428571428571,0.9090909090909091,0.8823529411764706,0.9134199134199136,0.8214285714285714,0.7361174128087679,0.10955122113227844
6,1,Tuned,NB,241,61,0.8360655737704918,0.8108108108108109,0.9090909090909091,0.8571428571428571,0.9036796536796536,0.75,0.6723181321083574,0.12743570228024692
6,1,Tuned,KNN,241,61,0.8524590163934426,0.875,0.8484848484848485,0.8615384615384616,0.9253246753246753,0.8571428571428571,0.7041053139822809,0.11017042881572751
6,1,Tuned,Stacking,241,61,0.8852459016393442,0.8611111111111112,0.9393939393939394,0.8985507246376812,0.920995670995671,0.8214285714285714,0.770900069261196,0.09875220019268903
7,1,Default,LR,242,60,0.8166666666666667,0.8387096774193549,0.8125,0.8253968253968254,0.8872767857142858,0.8214285714285714,0.632869964670302,0.1346065975077349
7,1,Default,DT,242,60,0.7,0.75,0.65625,0.7,0.703125,0.75,0.40625,0.3
7,1,Default,RF,242,60,0.7833333333333333,0.8064516129032258,0.78125,0.7936507936507936,0.8738839285714286,0.7857142857142857,0.5660175036135799,0.13996833333333333
7,1,Default,XGB,242,60,0.7833333333333333,0.7878787878787878,0.8125,0.8,0.8917410714285714,0.75,0.5640760748177662,0.16362391412258148
7,1,Default,NB,242,60,0.7833333333333333,0.8518518518518519,0.71875,0.7796610169491526,0.8024553571428572,0.8571428571428571,0.5775064575515225,0.2059882064604528
7,1,Default,KNN,242,60,0.8,0.8571428571428571,0.75,0.8,0.8180803571428572,0.8571428571428571,0.6071428571428571,0.184
7,1,Default,Stacking,242,60,0.8166666666666667,0.8387096774193549,0.8125,0.8253968253968254,0.8671874999999999,0.8214285714285714,0.632869964670302,0.14334327369335445
7,1,Tuned,LR,242,60,0.7833333333333333,0.8275862068965517,0.75,0.7868852459016393,0.8683035714285714,0.8214285714285714,0.5704743343506947,0.14941457130580718
7,1,Tuned,DT,242,60,0.8,0.7941176470588235,0.84375,0.8181818181818182,0.82421875,0.75,0.597766393027815,0.170963389203559
7,1,Tuned,RF,242,60,0.8,0.8125,0.8125,0.8125,0.8671874999999999,0.7857142857142857,0.5982142857142857,0.14483006697850387
7,1,Tuned,XGB,242,60,0.7833333333333333,0.8064516129032258,0.78125,0.7936507936507936,0.8872767857142857,0.7857142857142857,0.5660175036135799,0.13178271055221558
7,1,Tuned,NB,242,60,0.7833333333333333,0.8518518518518519,0.71875,0.7796610169491526,0.8024553571428572,0.8571428571428571,0.5775064575515225,0.2059882064604528
7,1,Tuned,KNN,242,60,0.7666666666666667,0.8214285714285714,0.71875,0.7666666666666667,0.8504464285714285,0.8214285714285714,0.5401785714285714,0.15972944849115503
7,1,Tuned,Stacking,242,60,0.7666666666666667,0.8214285714285714,0.71875,0.7666666666666667,0.875,0.8214285714285714,0.5401785714285714,0.1525167691753036
8,1,Default,LR,242,60,0.75,0.725,0.8787878787878788,0.7945205479452054,0.8675645342312011,0.5925925925925926,0.497468338163091,0.1590977378699737
8,1,Default,DT,242,60,0.7333333333333333,0.7428571428571429,0.7878787878787878,0.7647058823529411,0.7272727272727273,0.6666666666666666,0.458682472293863,0.26666666666666666
8,1,Default,RF,242,60,0.7,0.6923076923076923,0.8181818181818182,0.75,0.8187429854096521,0.5555555555555556,0.38981938376529196,0.17633833333333332
8,1,Default,XGB,242,60,0.7333333333333333,0.6976744186046512,0.9090909090909091,0.7894736842105263,0.835016835016835,0.5185185185185185,0.4720928632928928,0.210854634642601
8,1,Default,NB,242,60,0.7666666666666667,0.7435897435897436,0.8787878787878788,0.8055555555555556,0.813692480359147,0.6296296296296297,0.5302948373744062,0.21793918982406432
8,1,Default,KNN,242,60,0.7833333333333333,0.7941176470588235,0.8181818181818182,0.8059701492537313,0.7861952861952862,0.7407407407407407,0.561131124067762,0.18133333333333332
8,1,Default,Stacking,242,60,0.7333333333333333,0.7073170731707317,0.8787878787878788,0.7837837837837838,0.8473625140291807,0.5555555555555556,0.4645188948913181,0.17700121104957428
8,1,Tuned,LR,242,60,0.75,0.7368421052631579,0.8484848484848485,0.7887323943661971,0.8698092031425366,0.6296296296296297,0.4935914274184814,0.1507989717737426
8,1,Tuned,DT,242,60,0.65,0.65,0.7878787878787878,0.7123287671232876,0.8153759820426487,0.48148148148148145,0.28426762180748055,0.23312290175199554
8,1,Tuned,RF,242,60,0.75,0.725,0.8787878787878788,0.7945205479452054,0.8327721661054994,0.5925925925925926,0.497468338163091,0.16297745805211478
8,1,Tuned,XGB,242,60,0.7166666666666667,0.7,0.8484848484848485,0.7671232876712328,0.8114478114478114,0.5555555555555556,0.42640143271122083,0.20260010659694672
8,1,Tuned,NB,242,60,0.7666666666666667,0.7435897435897436,0.8787878787878788,0.8055555555555556,0.813692480359147,0.6296296296296297,0.5302948373744062,0.21793918982406432
8,1,Tuned,KNN,242,60,0.7333333333333333,0.7297297297297297,0.8181818181818182,0.7714285714285715,0.8507295173961841,0.6296296296296297,0.4582149594801373,0.15218522372528615
8,1,Tuned,Stacking,242,60,0.7666666666666667,0.7317073170731707,0.9090909090909091,0.8108108108108109,0.8574635241301909,0.5925925925925926,0.5365373282078015,0.16701197410943758
9,1,Default,LR,242,60,0.8,0.8,0.8484848484848485,0.8235294117647058,0.877665544332211,0.7407407407407407,0.5945883900105631,0.14013952423632656
9,1,Default,DT,242,60,0.75,0.78125,0.7575757575757576,0.7692307692307693,0.7491582491582491,0.7407407407407407,0.4969241611489845,0.25
9,1,Default,RF,242,60,0.8166666666666667,0.8235294117647058,0.8484848484848485,0.835820895522388,0.8731762065095399,0.7777777777777778,0.6287372835939984,0.14672000000000004
9,1,Default,XGB,242,60,0.7166666666666667,0.7666666666666667,0.696969696969697,0.7301587301587301,0.792368125701459,0.7407407407407407,0.4355163866123252,0.20933867990970612
9,1,Default,NB,242,60,0.8166666666666667,0.8235294117647058,0.8484848484848485,0.835820895522388,0.8664421997755332,0.7777777777777778,0.6287372835939984,0.1661166604027902
9,1,Default,KNN,242,60,0.7833333333333333,0.7777777777777778,0.8484848484848485,0.8115942028985508,0.8636363636363636,0.7037037037037037,0.5607501255725158,0.14866666666666667
9,1,Default,Stacking,242,60,0.8166666666666667,0.8235294117647058,0.8484848484848485,0.835820895522388,0.89337822671156,0.7777777777777778,0.6287372835939984,0.13599562385793765
9,1,Tuned,LR,242,60,0.8,0.8,0.8484848484848485,0.8235294117647058,0.877665544332211,0.7407407407407407,0.5945883900105631,0.14013952423632656
9,1,Tuned,DT,242,60,0.7333333333333333,0.7428571428571429,0.7878787878787878,0.7647058823529411,0.8294051627384961,0.6666666666666666,0.458682472293863,0.1744152881841768
9,1,Tuned,RF,242,60,0.7666666666666667,0.7878787878787878,0.7878787878787878,0.7878787878787878,0.8490460157126823,0.7407407407407407,0.5286195286195287,0.15441416666666669
9,1,Tuned,XGB,242,60,0.7333333333333333,0.7297297297297297,0.8181818181818182,0.7714285714285715,0.8316498316498318,0.6296296296296297,0.4582149594801373,0.16189676523208618
9,1,Tuned,NB,242,60,0.8166666666666667,0.8235294117647058,0.8484848484848485,0.835820895522388,0.8664421997755332,0.7777777777777778,0.6287372835939984,0.1661166604027902
9,1,Tuned,KNN,242,60,0.8333333333333334,0.8108108108108109,0.9090909090909091,0.8571428571428571,0.9180695847362514,0.7407407407407407,0.6649284750350865,0.12181546259227403
9,1,Tuned,Stacking,242,60,0.8333333333333334,0.8108108108108109,0.9090909090909091,0.8571428571428571,0.8978675645342312,0.7407407407407407,0.6649284750350865,0.1333074307937607
10,2,Default,LR,241,61,0.7540983606557377,0.7647058823529411,0.7878787878787878,0.7761194029850746,0.8560606060606061,0.7142857142857143,0.5038028898850895,0.16074926555575098
10,2,Default,DT,241,61,0.7540983606557377,0.8,0.7272727272727273,0.7619047619047619,0.7564935064935066,0.7857142857142857,0.5113295384991638,0.2459016393442623
10,2,Default,RF,241,61,0.7213114754098361,0.75,0.7272727272727273,0.7384615384615385,0.8317099567099567,0.7142857142857143,0.4406057793017954,0.17053278688524595
10,2,Default,XGB,241,61,0.7049180327868853,0.7419354838709677,0.696969696969697,0.71875,0.8365800865800865,0.7142857142857143,0.409926634239836,0.21237298846244812
10,2,Default,NB,241,61,0.7540983606557377,0.7045454545454546,0.9393939393939394,0.8051948051948052,0.8365800865800865,0.5357142857142857,0.5280532691976336,0.23567065781113755
10,2,Default,KNN,241,61,0.7049180327868853,0.7272727272727273,0.7272727272727273,0.7272727272727273,0.7705627705627706,0.6785714285714286,0.40584415584415584,0.22754098360655736
10,2,Default,Stacking,241,61,0.7540983606557377,0.7647058823529411,0.7878787878787878,0.7761194029850746,0.8322510822510822,0.7142857142857143,0.5038028898850895,0.18107232861344724
10,2,Tuned,LR,241,61,0.7540983606557377,0.75,0.8181818181818182,0.782608695652174,0.8398268398268398,0.6785714285714286,0.5033330466442233,0.1971687583464854
10,2,Tuned,DT,241,61,0.6885245901639344,0.75,0.6363636363636364,0.6885245901639344,0.7900432900432901,0.75,0.38636363636363635,0.21470962358363785
10,2,Tuned,RF,241,61,0.7049180327868853,0.7419354838709677,0.696969696969697,0.71875,0.8300865800865801,0.7142857142857143,0.409926634239836,0.1735631185047684
10,2,Tuned,XGB,241,61,0.7377049180327869,0.8148148148148148,0.6666666666666666,0.7333333333333333,0.827922077922078,0.8214285714285714,0.4896877227115848,0.1873193383216858
10,2,Tuned,NB,241,61,0.8032786885245902,0.8,0.8484848484848485,0.8235294117647058,0.8354978354978355,0.75,0.6030710063455536,0.1800055659340223
10,2,Tuned,KNN,241,61,0.7213114754098361,0.75,0.7272727272727273,0.7384615384615385,0.8354978354978355,0.7142857142857143,0.4406057793017954,0.181712204007286
10,2,Tuned,Stacking,241,61,0.7377049180327869,0.7575757575757576,0.7575757575757576,0.7575757575757576,0.8538961038961039,0.7142857142857143,0.47186147186147187,0.17482065929447646
11,2,Default,LR,241,61,0.7868852459016393,0.7941176470588235,0.8181818181818182,0.8059701492537313,0.8971861471861473,0.75,0.5700355973915344,0.1283831678782624
11,2,Default,DT,241,61,0.8360655737704918,0.8285714285714286,0.8787878787878788,0.8529411764705882,0.8322510822510822,0.7857142857142857,0.6695942095771606,0.16393442622950818
11,2,Default,RF,241,61,0.8360655737704918,0.8285714285714286,0.8787878787878788,0.8529411764705882,0.9204545454545455,0.7857142857142857,0.6695942095771606,0.11210163934426229
11,2,Default,XGB,241,61,0.819672131147541,0.8235294117647058,0.8484848484848485,0.835820895522388,0.9112554112554113,0.7857142857142857,0.6362683048979794,0.1508750468492508
11,2,Default,NB,241,61,0.7704918032786885,0.7878787878787878,0.7878787878787878,0.7878787878787878,0.8409090909090909,0.75,0.5378787878787878,0.1837313253150196
11,2,Default,KNN,241,61,0.8688524590163934,0.8571428571428571,0.9090909090909091,0.8823529411764706,0.9188311688311689,0.8214285714285714,0.7361174128087679,0.1095081967213115
11,2,Default,Stacking,241,61,0.8032786885245902,0.8,0.8484848484848485,0.8235294117647058,0.9166666666666667,0.75,0.6030710063455536,0.12178348240800184
11,2,Tuned,LR,241,61,0.7868852459016393,0.7941176470588235,0.8181818181818182,0.8059701492537313,0.8971861471861473,0.75,0.5700355973915344,0.1283831678782624
11,2,Tuned,DT,241,61,0.8524590163934426,0.7857142857142857,1.0,0.88,0.876082251082251,0.6785714285714286,0.7301802964378883,0.12166982864606281
11,2,Tuned,RF,241,61,0.8360655737704918,0.8285714285714286,0.8787878787878788,0.8529411764705882,0.91991341991342,0.7857142857142857,0.6695942095771606,0.12386137501077517
11,2,Tuned,XGB,241,61,0.819672131147541,0.7894736842105263,0.9090909090909091,0.8450704225352113,0.9090909090909091,0.7142857142857143,0.6409597843503038,0.12747825682163239
11,2,Tuned,NB,241,61,0.7704918032786885,0.7878787878787878,0.7878787878787878,0.7878787878787878,0.8409090909090909,0.75,0.5378787878787878,0.1837302905212218
11,2,Tuned,KNN,241,61,0.819672131147541,0.84375,0.8181818181818182,0.8307692307692308,0.9112554112554113,0.8214285714285714,0.6382304303121595,0.1210200364298725
11,2,Tuned,Stacking,241,61,0.7704918032786885,0.7878787878787878,0.7878787878787878,0.7878787878787878,0.9155844155844157,0.75,0.5378787878787878,0.12495891875517144
12,2,Default,LR,242,60,0.8833333333333333,0.8787878787878788,0.90625,0.8923076923076924,0.9174107142857144,0.8571428571428571,0.7655318158241113,0.10899891825478193
12,2,Default,DT,242,60,0.6666666666666666,0.7307692307692307,0.59375,0.6551724137931034,0.671875,0.75,0.34607528017399813,0.3333333333333333
12,2,Default,RF,242,60,0.8666666666666667,0.9,0.84375,0.8709677419354839,0.9123883928571429,0.8928571428571429,0.734968415259167,0.12158833333333333
12,2,Default,XGB,242,60,0.8166666666666667,0.8888888888888888,0.75,0.8135593220338984,0.890625,0.8928571428571429,0.6446583712203042,0.145355224609375
12,2,Default,NB,242,60,0.8833333333333333,0.9032258064516129,0.875,0.8888888888888888,0.8727678571428571,0.8928571428571429,0.7665748867837461,0.11110734467898696
12,2,Default,KNN,242,60,0.85,0.896551724137931,0.8125,0.8524590163934426,0.9341517857142857,0.8928571428571429,0.7041792564641388,0.106
12,2,Default,Stacking,242,60,0.8666666666666667,0.9,0.84375,0.8709677419354839,0.9352678571428572,0.8928571428571429,0.734968415259167,0.10341994123022512
12,2,Tuned,LR,242,60,0.8666666666666667,0.8529411764705882,0.90625,0.8787878787878788,0.9151785714285714,0.8214285714285714,0.7326009177709311,0.1114766416686204
12,2,Tuned,DT,242,60,0.8166666666666667,0.8888888888888888,0.75,0.8135593220338984,0.8900669642857142,0.8928571428571429,0.6446583712203042,0.12957334057883507
12,2,Tuned,RF,242,60,0.8666666666666667,0.9,0.84375,0.8709677419354839,0.9241071428571428,0.8928571428571429,0.734968415259167,0.12480196597245277
12,2,Tuned,XGB,242,60,0.8833333333333333,0.9032258064516129,0.875,0.8888888888888888,0.9363839285714286,0.8928571428571429,0.7665748867837461,0.10653069615364075
12,2,Tuned,NB,242,60,0.8833333333333333,0.9032258064516129,0.875,0.8888888888888888,0.8727678571428571,0.8928571428571429,0.7665748867837461,0.11099284627475357
12,2,Tuned,KNN,242,60,0.9,0.90625,0.90625,0.90625,0.9196428571428571,0.8928571428571429,0.7991071428571429,0.11145390338782747
12,2,Tuned,Stacking,242,60,0.9,0.90625,0.90625,0.90625,0.9296874999999999,0.8928571428571429,0.7991071428571429,0.10121650075455878
13,2,Default,LR,242,60,0.8333333333333334,0.8285714285714286,0.8787878787878788,0.8529411764705882,0.9001122334455668,0.7777777777777778,0.6625413488689132,0.1279496081666965
13,2,Default,DT,242,60,0.7166666666666667,0.75,0.7272727272727273,0.7384615384615385,0.7154882154882155,0.7037037037037037,0.4297722474802028,0.2833333333333333
13,2,Default,RF,242,60,0.8166666666666667,0.8235294117647058,0.8484848484848485,0.835820895522388,0.8894500561167228,0.7777777777777778,0.6287372835939984,0.13419333333333333
13,2,Default,XGB,242,60,0.8,0.8,0.8484848484848485,0.8235294117647058,0.8686868686868687,0.7407407407407407,0.5945883900105631,0.1556539684534073
13,2,Default,NB,242,60,0.8166666666666667,0.8055555555555556,0.8787878787878788,0.8405797101449275,0.8731762065095399,0.7407407407407407,0.6291342872277006,0.1698551143230416
13,2,Default,KNN,242,60,0.8,0.8181818181818182,0.8181818181818182,0.8181818181818182,0.851290684624018,0.7777777777777778,0.5959595959595959,0.16066666666666668
13,2,Default,Stacking,242,60,0.8333333333333334,0.8285714285714286,0.8787878787878788,0.8529411764705882,0.8877665544332212,0.7777777777777778,0.6625413488689132,0.14017461186101457
13,2,Tuned,LR,242,60,0.8333333333333334,0.8285714285714286,0.8787878787878788,0.8529411764705882,0.8799102132435466,0.7777777777777778,0.6625413488689132,0.13691310194383213
13,2,Tuned,DT,242,60,0.7333333333333333,0.7428571428571429,0.7878787878787878,0.7647058823529411,0.7923681257014592,0.6666666666666666,0.458682472293863,0.19428666578684245
13,2,Tuned,RF,242,60,0.8,0.7837837837837838,0.8787878787878788,0.8285714285714286,0.8810325476992144,0.7037037037037037,0.5960239698501034,0.14137516114691973
13,2,Tuned,XGB,242,60,0.8166666666666667,0.8055555555555556,0.8787878787878788,0.8405797101449275,0.8787878787878788,0.7407407407407407,0.6291342872277006,0.14082828164100647
13,2,Tuned,NB,242,60,0.8166666666666667,0.8055555555555556,0.8787878787878788,0.8405797101449275,0.8731762065095399,0.7407407407407407,0.6291342872277006,0.1698551143230416
13,2,Tuned,KNN,242,60,0.8,0.7837837837837838,0.8787878787878788,0.8285714285714286,0.877665544332211,0.7037037037037037,0.5960239698501034,0.1386576482830385
13,2,Tuned,Stacking,242,60,0.7833333333333333,0.7631578947368421,0.8787878787878788,0.8169014084507042,0.8855218855218855,0.6666666666666666,0.5631113467731971,0.1408809303472194
14,2,Default,LR,242,60,0.95,0.9411764705882353,0.9696969696969697,0.9552238805970149,0.9719416386083052,0.9259259259259259,0.8991619216989439,0.0753043583028452
14,2,Default,DT,242,60,0.8166666666666667,0.8235294117647058,0.8484848484848485,0.835820895522388,0.8131313131313133,0.7777777777777778,0.6287372835939984,0.18333333333333332
14,2,Default,RF,242,60,0.8666666666666667,0.8378378378378378,0.9393939393939394,0.8857142857142857,0.9545454545454546,0.7777777777777778,0.7338329802200695,0.10271000000000001
14,2,Default,XGB,242,60,0.8666666666666667,0.8787878787878788,0.8787878787878788,0.8787878787878788,0.9360269360269361,0.8518518518518519,0.7306397306397306,0.10188894718885422
14,2,Default,NB,242,60,0.9166666666666666,0.8888888888888888,0.9696969696969697,0.927536231884058,0.9775533108866442,0.8518518518518519,0.8342867721932552,0.06439269478959628
14,2,Default,KNN,242,60,0.8,0.8181818181818182,0.8181818181818182,0.8181818181818182,0.9292929292929294,0.7777777777777778,0.5959595959595959,0.10800000000000003
14,2,Default,Stacking,242,60,0.9,0.9090909090909091,0.9090909090909091,0.9090909090909091,0.9685746352413019,0.8888888888888888,0.797979797979798,0.07734982347913236
14,2,Tuned,LR,242,60,0.95,0.9411764705882353,0.9696969696969697,0.9552238805970149,0.9719416386083052,0.9259259259259259,0.8991619216989439,0.0753043583028452
14,2,Tuned,DT,242,60,0.8333333333333334,0.8285714285714286,0.8787878787878788,0.8529411764705882,0.8754208754208754,0.7777777777777778,0.6625413488689132,0.1385386037650907
14,2,Tuned,RF,242,60,0.9333333333333333,0.9142857142857143,0.9696969696969697,0.9411764705882353,0.9764309764309764,0.8888888888888888,0.8664002254439634,0.09753831204864574
14,2,Tuned,XGB,242,60,0.9,0.8857142857142857,0.9393939393939394,0.9117647058823529,0.9315375982042648,0.8518518518518519,0.7984472665856134,0.09448821097612381
14,2,Tuned,NB,242,60,0.9166666666666666,0.8888888888888888,0.9696969696969697,0.927536231884058,0.9775533108866442,0.8518518518518519,0.8342867721932552,0.0643359206391282
14,2,Tuned,KNN,242,60,0.9,0.8857142857142857,0.9393939393939394,0.9117647058823529,0.9741863075196409,0.8518518518518519,0.7984472665856134,0.08239680887963927
14,2,Tuned,Stacking,242,60,0.9333333333333333,0.9142857142857143,0.9696969696969697,0.9411764705882353,0.9730639730639732,0.8888888888888888,0.8664002254439634,0.07005615511496305
15,3,Default,LR,241,61,0.819672131147541,0.8055555555555556,0.8787878787878788,0.8405797101449275,0.9015151515151515,0.75,0.6371165579527096,0.117670949417159
15,3,Default,DT,241,61,0.6885245901639344,0.7058823529411765,0.7272727272727273,0.7164179104477612,0.685064935064935,0.6428571428571429,0.37133747487219954,0.3114754098360656
15,3,Default,RF,241,61,0.819672131147541,0.8055555555555556,0.8787878787878788,0.8405797101449275,0.900974025974026,0.75,0.6371165579527096,0.12675081967213117
15,3,Default,XGB,241,61,0.819672131147541,0.8235294117647058,0.8484848484848485,0.835820895522388,0.8896103896103896,0.7857142857142857,0.6362683048979794,0.15571558475494385
15,3,Default,NB,241,61,0.8524590163934426,0.8333333333333334,0.9090909090909091,0.8695652173913043,0.8917748917748918,0.7857142857142857,0.7040083136069528,0.13134318056442942
15,3,Default,KNN,241,61,0.8360655737704918,0.8484848484848485,0.8484848484848485,0.8484848484848485,0.8576839826839827,0.8214285714285714,0.6699134199134199,0.14754098360655737
15,3,Default,Stacking,241,61,0.819672131147541,0.7894736842105263,0.9090909090909091,0.8450704225352113,0.9112554112554112,0.7142857142857143,0.6409597843503038,0.12021337690964695
15,3,Tuned,LR,241,61,0.819672131147541,0.7894736842105263,0.9090909090909091,0.8450704225352113,0.9058441558441559,0.7142857142857143,0.6409597843503038,0.11779669233278596
15,3,Tuned,DT,241,61,0.7540983606557377,0.75,0.8181818181818182,0.782608695652174,0.8014069264069265,0.6785714285714286,0.5033330466442233,0.18368255975035805
15,3,Tuned,RF,241,61,0.819672131147541,0.8235294117647058,0.8484848484848485,0.835820895522388,0.9004329004329005,0.7857142857142857,0.6362683048979794,0.1265697309161334
15,3,Tuned,XGB,241,61,0.8032786885245902,0.8,0.8484848484848485,0.8235294117647058,0.8852813852813853,0.75,0.6030710063455536,0.1370803266763687
15,3,Tuned,NB,241,61,0.8524590163934426,0.8333333333333334,0.9090909090909091,0.8695652173913043,0.8928571428571429,0.7857142857142857,0.7040083136069528,0.13123778762098043
15,3,Tuned,KNN,241,61,0.8360655737704918,0.8484848484848485,0.8484848484848485,0.8484848484848485,0.902056277056277,0.8214285714285714,0.6699134199134199,0.1212222593955615
15,3,Tuned,Stacking,241,61,0.819672131147541,0.7894736842105263,0.9090909090909091,0.8450704225352113,0.9025974025974026,0.7142857142857143,0.6409597843503038,0.11839630490458018
16,3,Default,LR,241,61,0.9016393442622951,0.9090909090909091,0.9090909090909091,0.9090909090909091,0.9469696969696969,0.8928571428571429,0.801948051948052,0.09440559505357442
16,3,Default,DT,241,61,0.7540983606557377,0.8,0.7272727272727273,0.7619047619047619,0.7564935064935066,0.7857142857142857,0.5113295384991638,0.2459016393442623
16,3,Default,RF,241,61,0.819672131147541,0.8235294117647058,0.8484848484848485,0.835820895522388,0.8993506493506495,0.7857142857142857,0.6362683048979794,0.12862622950819672
16,3,Default,XGB,241,61,0.8360655737704918,0.8285714285714286,0.8787878787878788,0.8529411764705882,0.9199134199134199,0.7857142857142857,0.6695942095771606,0.12653812766075134
16,3,Default,NB,241,61,0.8032786885245902,0.8387096774193549,0.7878787878787878,0.8125,0.908008658008658,0.8214285714285714,0.607338671255336,0.1423155667178334
16,3,Default,KNN,241,61,0.8524590163934426,0.875,0.8484848484848485,0.8615384615384616,0.8885281385281385,0.8571428571428571,0.7041053139822809,0.13049180327868853
16,3,Default,Stacking,241,61,0.8688524590163934,0.8571428571428571,0.9090909090909091,0.8823529411764706,0.9112554112554112,0.8214285714285714,0.7361174128087679,0.10639009856105966
16,3,Tuned,LR,241,61,0.9016393442622951,0.9090909090909091,0.9090909090909091,0.9090909090909091,0.9469696969696969,0.8928571428571429,0.801948051948052,0.09440559505357442
16,3,Tuned,DT,241,61,0.7704918032786885,0.7878787878787878,0.7878787878787878,0.7878787878787878,0.8257575757575757,0.75,0.5378787878787878,0.18513361691523705
16,3,Tuned,RF,241,61,0.8524590163934426,0.8529411764705882,0.8787878787878788,0.8656716417910447,0.9155844155844157,0.8214285714285714,0.7025010124044243,0.1274764685921983
16,3,Tuned,XGB,241,61,0.8360655737704918,0.8484848484848485,0.8484848484848485,0.8484848484848485,0.9090909090909091,0.8214285714285714,0.6699134199134199,0.12526582181453705
16,3,Tuned,NB,241,61,0.8032786885245902,0.8387096774193549,0.7878787878787878,0.8125,0.908008658008658,0.8214285714285714,0.607338671255336,0.1423155667178334
16,3,Tuned,KNN,241,61,0.8524590163934426,0.8333333333333334,0.9090909090909091,0.8695652173913043,0.9312770562770563,0.7857142857142857,0.7040083136069528,0.10781119394073797
16,3,Tuned,Stacking,241,61,0.8688524590163934,0.8571428571428571,0.9090909090909091,0.8823529411764706,0.9350649350649352,0.8214285714285714,0.7361174128087679,0.10226160375289531
17,3,Default,LR,242,60,0.8666666666666667,0.8333333333333334,0.9375,0.8823529411764706,0.9162946428571429,0.7857142857142857,0.7364853795464743,0.1137649831566306
17,3,Default,DT,242,60,0.65,0.6571428571428571,0.71875,0.6865671641791045,0.6450892857142857,0.5714285714285714,0.29364006844420665,0.35
17,3,Default,RF,242,60,0.8833333333333333,0.8378378378378378,0.96875,0.8985507246376812,0.9157366071428572,0.7857142857142857,0.7741549785654485,0.10697833333333331
17,3,Default,XGB,242,60,0.8166666666666667,0.8,0.875,0.835820895522388,0.8805803571428572,0.75,0.6324555320336759,0.14498838782310486
17,3,Default,NB,242,60,0.85,0.8285714285714286,0.90625,0.8656716417910447,0.8705357142857143,0.7857142857142857,0.7002186247515697,0.13249136364164033
17,3,Default,KNN,242,60,0.8666666666666667,0.8333333333333334,0.9375,0.8823529411764706,0.8638392857142858,0.7857142857142857,0.7364853795464743,0.13733333333333336
17,3,Default,Stacking,242,60,0.8666666666666667,0.8333333333333334,0.9375,0.8823529411764706,0.9207589285714286,0.7857142857142857,0.7364853795464743,0.10806821433169951
17,3,Tuned,LR,242,60,0.8666666666666667,0.8333333333333334,0.9375,0.8823529411764706,0.9162946428571429,0.7857142857142857,0.7364853795464743,0.1137649831566306
17,3,Tuned,DT,242,60,0.75,0.7428571428571429,0.8125,0.7761194029850746,0.8387276785714286,0.6785714285714286,0.4969293465978882,0.17470429144134952
17,3,Tuned,RF,242,60,0.8833333333333333,0.8378378378378378,0.96875,0.8985507246376812,0.9296875,0.7857142857142857,0.7741549785654485,0.11738998083127636
17,3,Tuned,XGB,242,60,0.85,0.8285714285714286,0.90625,0.8656716417910447,0.90625,0.7857142857142857,0.7002186247515697,0.1184622123837471
17,3,Tuned,NB,242,60,0.85,0.8285714285714286,0.90625,0.8656716417910447,0.8694196428571428,0.7857142857142857,0.7002186247515697,0.13270769901636562
17,3,Tuned,KNN,242,60,0.85,0.8108108108108109,0.9375,0.8695652173913043,0.90625,0.75,0.7054429982194027,0.11681783824640966
17,3,Tuned,Stacking,242,60,0.8666666666666667,0.8333333333333334,0.9375,0.8823529411764706,0.9151785714285714,0.7857142857142857,0.7364853795464743,0.11095270607667669
18,3,Default,LR,242,60,0.8833333333333333,0.90625,0.8787878787878788,0.8923076923076924,0.9427609427609428,0.8888888888888888,0.7655318158241113,0.09409167735719043
18,3,Default,DT,242,60,0.8,0.8181818181818182,0.8181818181818182,0.8181818181818182,0.7979797979797981,0.7777777777777778,0.5959595959595959,0.2
18,3,Default,RF,242,60,0.8166666666666667,0.84375,0.8181818181818182,0.8307692307692308,0.930976430976431,0.8148148148148148,0.6312279884865479,0.11234000000000001
18,3,Default,XGB,242,60,0.7666666666666667,0.8275862068965517,0.7272727272727273,0.7741935483870968,0.8810325476992144,0.8148148148148148,0.539670194292455,0.17115065455436707
18,3,Default,NB,242,60,0.8666666666666667,0.9032258064516129,0.8484848484848485,0.875,0.9281705948372616,0.8888888888888888,0.7340855437891157,0.12527761820984187
18,3,Default,KNN,242,60,0.8166666666666667,0.8666666666666667,0.7878787878787878,0.8253968253968254,0.9006734006734007,0.8518518518518519,0.6365239496641676,0.12933333333333336
18,3,Default,Stacking,242,60,0.8166666666666667,0.84375,0.8181818181818182,0.8307692307692308,0.9393939393939394,0.8148148148148148,0.6312279884865479,0.1111380652029149
18,3,Tuned,LR,242,60,0.8666666666666667,0.9032258064516129,0.8484848484848485,0.875,0.9393939393939394,0.8888888888888888,0.7340855437891157,0.09860296501488518
18,3,Tuned,DT,242,60,0.8,0.8620689655172413,0.7575757575757576,0.8064516129032258,0.8939393939393939,0.8518518518518519,0.6067099699809587,0.13678794004658074
18,3,Tuned,RF,242,60,0.85,0.875,0.8484848484848485,0.8615384615384616,0.9472502805836139,0.8518518518518519,0.6983799021553296,0.1064302095645486
18,3,Tuned,XGB,242,60,0.8,0.8387096774193549,0.7878787878787878,0.8125,0.8832772166105499,0.8148148148148148,0.6000059924121083,0.1598399430513382
18,3,Tuned,NB,242,60,0.8666666666666667,0.9032258064516129,0.8484848484848485,0.875,0.9281705948372616,0.8888888888888888,0.7340855437891157,0.12527761820984187
18,3,Tuned,KNN,242,60,0.85,0.9,0.8181818181818182,0.8571428571428571,0.9304152637485971,0.8888888888888888,0.7035264706814485,0.11287786539868806
18,3,Tuned,Stacking,242,60,0.8333333333333334,0.8709677419354839,0.8181818181818182,0.84375,0.9405162738496071,0.8518518518518519,0.667045768100612,0.11226110960382606
19,3,Default,LR,242,60,0.8166666666666667,0.8055555555555556,0.8787878787878788,0.8405797101449275,0.8664421997755332,0.7407407407407407,0.6291342872277006,0.15482625127595176
19,3,Default,DT,242,60,0.65,0.6666666666666666,0.7272727272727273,0.6956521739130435,0.6414141414141414,0.5555555555555556,0.28721347895177635,0.35
19,3,Default,RF,242,60,0.8,0.8181818181818182,0.8181818181818182,0.8181818181818182,0.8428731762065096,0.7777777777777778,0.5959595959595959,0.161835
19,3,Default,XGB,242,60,0.7666666666666667,0.7878787878787878,0.7878787878787878,0.7878787878787878,0.8484848484848485,0.7407407407407407,0.5286195286195287,0.1766532063484192
19,3,Default,NB,242,60,0.7166666666666667,0.6818181818181818,0.9090909090909091,0.7792207792207793,0.8322109988776656,0.48148148148148145,0.4393939393939394,0.25286392545089287
19,3,Default,KNN,242,60,0.7666666666666667,0.7878787878787878,0.7878787878787878,0.7878787878787878,0.7974186307519642,0.7407407407407407,0.5286195286195287,0.18999999999999997
19,3,Default,Stacking,242,60,0.8,0.7837837837837838,0.8787878787878788,0.8285714285714286,0.8518518518518519,0.7037037037037037,0.5960239698501034,0.15426214470600688
19,3,Tuned,LR,242,60,0.8166666666666667,0.8055555555555556,0.8787878787878788,0.8405797101449275,0.8664421997755332,0.7407407407407407,0.6291342872277006,0.15482625127595176
19,3,Tuned,DT,242,60,0.6833333333333333,0.71875,0.696969696969697,0.7076923076923077,0.7901234567901235,0.6666666666666666,0.36262033381142117,0.1969956078846436
19,3,Tuned,RF,242,60,0.7666666666666667,0.7714285714285715,0.8181818181818182,0.7941176470588235,0.8338945005611673,0.7037037037037037,0.526635431152213,0.16752357342394547
19,3,Tuned,XGB,242,60,0.7833333333333333,0.7941176470588235,0.8181818181818182,0.8059701492537313,0.8608305274971941,0.7407407407407407,0.561131124067762,0.1509730964899063
19,3,Tuned,NB,242,60,0.7666666666666667,0.7435897435897436,0.8787878787878788,0.8055555555555556,0.8322109988776656,0.6296296296296297,0.5302948373744062,0.20076327466463736
19,3,Tuned,KNN,242,60,0.7666666666666667,0.7878787878787878,0.7878787878787878,0.7878787878787878,0.8361391694725028,0.7407407407407407,0.5286195286195287,0.16896359988374263
19,3,Tuned,Stacking,242,60,0.8,0.8,0.8484848484848485,0.8235294117647058,0.8619528619528619,0.7407407407407407,0.5945883900105631,0.15471046089056
20,4,Default,LR,241,61,0.8360655737704918,0.8484848484848485,0.8484848484848485,0.8484848484848485,0.933982683982684,0.8214285714285714,0.6699134199134199,0.1117921075625878
20,4,Default,DT,241,61,0.7049180327868853,0.7142857142857143,0.7575757575757576,0.7352941176470589,0.7002164502164501,0.6428571428571429,0.40350139665073204,0.29508196721311475
20,4,Default,RF,241,61,0.8524590163934426,0.9285714285714286,0.7878787878787878,0.8524590163934426,0.9177489177489178,0.9285714285714286,0.7164502164502164,0.12395245901639343
20,4,Default,XGB,241,61,0.7540983606557377,0.8,0.7272727272727273,0.7619047619047619,0.8917748917748918,0.7857142857142857,0.5113295384991638,0.1774080991744995
20,4,Default,NB,241,61,0.8688524590163934,0.9032258064516129,0.8484848484848485,0.875,0.9058441558441559,0.8928571428571429,0.738946695932336,0.12509889762764584
20,4,Default,KNN,241,61,0.8032786885245902,0.8387096774193549,0.7878787878787878,0.8125,0.8620129870129871,0.8214285714285714,0.607338671255336,0.1495081967213115
20,4,Default,Stacking,241,61,0.8360655737704918,0.8709677419354839,0.8181818181818182,0.84375,0.9231601731601733,0.8571428571428571,0.673142683593836,0.11800998548175654
20,4,Tuned,LR,241,61,0.8360655737704918,0.8484848484848485,0.8484848484848485,0.8484848484848485,0.933982683982684,0.8214285714285714,0.6699134199134199,0.1117921075625878
20,4,Tuned,DT,241,61,0.7704918032786885,0.8064516129032258,0.7575757575757576,0.78125,0.8241341991341992,0.7857142857142857,0.541534658916836,0.17753279893822985
20,4,Tuned,RF,241,61,0.8360655737704918,0.8709677419354839,0.8181818181818182,0.84375,0.9296536796536797,0.8571428571428571,0.673142683593836,0.11858370526781134
20,4,Tuned,XGB,241,61,0.819672131147541,0.8666666666666667,0.7878787878787878,0.8253968253968254,0.8928571428571428,0.8571428571428571,0.6429375631761639,0.13846668601036072
20,4,Tuned,NB,241,61,0.8688524590163934,0.9032258064516129,0.8484848484848485,0.875,0.9058441558441559,0.8928571428571429,0.738946695932336,0.12509889762764584
20,4,Tuned,KNN,241,61,0.8032786885245902,0.8620689655172413,0.7575757575757576,0.8064516129032258,0.9177489177489178,0.8571428571428571,0.6133923594201466,0.12252332627039884
20,4,Tuned,Stacking,241,61,0.8360655737704918,0.8709677419354839,0.8181818181818182,0.84375,0.9242424242424243,0.8571428571428571,0.673142683593836,0.11757954443006903
21,4,Default,LR,241,61,0.7868852459016393,0.7777777777777778,0.8484848484848485,0.8115942028985508,0.8506493506493507,0.7142857142857143,0.5702248022984665,0.16285005232629035
21,4,Default,DT,241,61,0.7377049180327869,0.717948717948718,0.8484848484848485,0.7777777777777778,0.7278138528138529,0.6071428571428571,0.47282721562776303,0.26229508196721313
21,4,Default,RF,241,61,0.7704918032786885,0.7317073170731707,0.9090909090909091,0.8108108108108109,0.8528138528138528,0.6071428571428571,0.5479935758185698,0.16172786885245904
21,4,Default,XGB,241,61,0.819672131147541,0.775,0.9393939393939394,0.8493150684931506,0.8885281385281386,0.6785714285714286,0.6481275457848015,0.14745989441871643
21,4,Default,NB,241,61,0.7868852459016393,0.7631578947368421,0.8787878787878788,0.8169014084507042,0.8528138528138528,0.6785714285714286,0.5730803627437612,0.20376303711325278
21,4,Default,KNN,241,61,0.7540983606557377,0.75,0.8181818181818182,0.782608695652174,0.7738095238095238,0.6785714285714286,0.5033330466442233,0.20131147540983607
21,4,Default,Stacking,241,61,0.7868852459016393,0.7777777777777778,0.8484848484848485,0.8115942028985508,0.8463203463203464,0.7142857142857143,0.5702248022984665,0.168151539836153
21,4,Tuned,LR,241,61,0.7868852459016393,0.7777777777777778,0.8484848484848485,0.8115942028985508,0.8506493506493507,0.7142857142857143,0.5702248022984665,0.16285005232629035
21,4,Tuned,DT,241,61,0.6885245901639344,0.6590909090909091,0.8787878787878788,0.7532467532467533,0.7895021645021645,0.4642857142857143,0.38130498026343934,0.22219193150486066
21,4,Tuned,RF,241,61,0.7540983606557377,0.7142857142857143,0.9090909090909091,0.8,0.8419913419913421,0.5714285714285714,0.5170654730756339,0.16522881564606318
21,4,Tuned,XGB,241,61,0.819672131147541,0.7894736842105263,0.9090909090909091,0.8450704225352113,0.8787878787878788,0.7142857142857143,0.6409597843503038,0.1470014452934265
21,4,Tuned,NB,241,61,0.7868852459016393,0.7631578947368421,0.8787878787878788,0.8169014084507042,0.8528138528138528,0.6785714285714286,0.5730803627437612,0.20376303711325278
21,4,Tuned,KNN,241,61,0.7377049180327869,0.7428571428571429,0.7878787878787878,0.7647058823529411,0.8409090909090909,0.6785714285714286,0.4700245998823392,0.1791208593462884
21,4,Tuned,Stacking,241,61,0.7540983606557377,0.7368421052631579,0.8484848484848485,0.7887323943661971,0.8506493506493507,0.6428571428571429,0.5052009411372186,0.1690944246212819
22,4,Default,LR,242,60,0.85,0.8285714285714286,0.90625,0.8656716417910447,0.9229910714285714,0.7857142857142857,0.7002186247515697,0.1096113606624154
22,4,Default,DT,242,60,0.85,0.8108108108108109,0.9375,0.8695652173913043,0.84375,0.75,0.7054429982194027,0.15
22,4,Default,RF,242,60,0.8333333333333334,0.8235294117647058,0.875,0.8484848484848485,0.9241071428571429,0.7857142857142857,0.6651836553993731,0.11525999999999999
22,4,Default,XGB,242,60,0.8166666666666667,0.8,0.875,0.835820895522388,0.8828125,0.75,0.6324555320336759,0.13672757148742676
22,4,Default,NB,242,60,0.6666666666666666,0.6304347826086957,0.90625,0.7435897435897436,0.8549107142857143,0.39285714285714285,0.35280753794207526,0.29992982963667875
22,4,Default,KNN,242,60,0.8333333333333334,0.8666666666666667,0.8125,0.8387096774193549,0.88671875,0.8571428571428571,0.6681531047810609,0.13200000000000003
22,4,Default,Stacking,242,60,0.8333333333333334,0.8055555555555556,0.90625,0.8529411764705882,0.9073660714285714,0.75,0.6682922888477266,0.12648086176485004
22,4,Tuned,LR,242,60,0.85,0.8285714285714286,0.90625,0.8656716417910447,0.9229910714285714,0.7857142857142857,0.7002186247515697,0.1096113606624154
22,4,Tuned,DT,242,60,0.8166666666666667,0.8181818181818182,0.84375,0.8307692307692308,0.8878348214285715,0.7857142857142857,0.6312279884865479,0.14713926273204367
22,4,Tuned,RF,242,60,0.8333333333333334,0.8055555555555556,0.90625,0.8529411764705882,0.9196428571428571,0.75,0.6682922888477266,0.11927353297921392
22,4,Tuned,XGB,242,60,0.8166666666666667,0.8,0.875,0.835820895522388,0.8883928571428572,0.75,0.6324555320336759,0.13708803057670593
22,4,Tuned,NB,242,60,0.6666666666666666,0.6304347826086957,0.90625,0.7435897435897436,0.8549107142857143,0.39285714285714285,0.35280753794207526,0.29992982963667875
22,4,Tuned,KNN,242,60,0.85,0.8709677419354839,0.84375,0.8571428571428571,0.9151785714285714,0.8571428571428571,0.699722425727024,0.1171851851851852
22,4,Tuned,Stacking,242,60,0.8333333333333334,0.8235294117647058,0.875,0.8484848484848485,0.9207589285714286,0.7857142857142857,0.6651836553993731,0.11494494437465624
23,4,Default,LR,242,60,0.8833333333333333,0.8823529411764706,0.9090909090909091,0.8955223880597015,0.9214365881032547,0.8518518518518519,0.7639496026464712,0.10789205716061037
23,4,Default,DT,242,60,0.75,0.725,0.8787878787878788,0.7945205479452054,0.7356902356902357,0.5925925925925926,0.497468338163091,0.25
23,4,Default,RF,242,60,0.8666666666666667,0.8787878787878788,0.8787878787878788,0.8787878787878788,0.8978675645342312,0.8518518518518519,0.7306397306397306,0.12625
23,4,Default,XGB,242,60,0.8,0.7837837837837838,0.8787878787878788,0.8285714285714286,0.8597081930415263,0.7037037037037037,0.5960239698501034,0.15504984557628632
23,4,Default,NB,242,60,0.85,0.8529411764705882,0.8787878787878788,0.8656716417910447,0.8877665544332211,0.8148148148148148,0.6963434431202348,0.1496788807303205
23,4,Default,KNN,242,60,0.8833333333333333,0.8823529411764706,0.9090909090909091,0.8955223880597015,0.8765432098765433,0.8518518518518519,0.7639496026464712,0.13266666666666665
23,4,Default,Stacking,242,60,0.8833333333333333,0.8823529411764706,0.9090909090909091,0.8955223880597015,0.9158249158249159,0.8518518518518519,0.7639496026464712,0.10893669131530914
23,4,Tuned,LR,242,60,0.8833333333333333,0.8823529411764706,0.9090909090909091,0.8955223880597015,0.9214365881032547,0.8518518518518519,0.7639496026464712,0.10789205716061037
23,4,Tuned,DT,242,60,0.8333333333333334,0.8108108108108109,0.9090909090909091,0.8571428571428571,0.840628507295174,0.7407407407407407,0.6649284750350865,0.14182415371283108
23,4,Tuned,RF,242,60,0.8666666666666667,0.8787878787878788,0.8787878787878788,0.8787878787878788,0.9326599326599327,0.8518518518518519,0.7306397306397306,0.1184063884987705
23,4,Tuned,XGB,242,60,0.85,0.8333333333333334,0.9090909090909091,0.8695652173913043,0.9191919191919192,0.7777777777777778,0.6975184488828855,0.11293978989124298
23,4,Tuned,NB,242,60,0.85,0.8529411764705882,0.8787878787878788,0.8656716417910447,0.8877665544332211,0.8148148148148148,0.6963434431202348,0.1496788807303205
23,4,Tuned,KNN,242,60,0.8333333333333334,0.8108108108108109,0.9090909090909091,0.8571428571428571,0.9113355780022447,0.7407407407407407,0.6649284750350865,0.11940686784599376
23,4,Tuned,Stacking,242,60,0.8666666666666667,0.8571428571428571,0.9090909090909091,0.8823529411764706,0.9337822671156004,0.8148148148148148,0.7304943077272633,0.1023494374489232
24,4,Default,LR,242,60,0.9,0.8857142857142857,0.9393939393939394,0.9117647058823529,0.951739618406285,0.8518518518518519,0.7984472665856134,0.08739845994142668
24,4,Default,DT,242,60,0.7666666666666667,0.8275862068965517,0.7272727272727273,0.7741935483870968,0.7710437710437711,0.8148148148148148,0.539670194292455,0.23333333333333334
24,4,Default,RF,242,60,0.85,0.8529411764705882,0.8787878787878788,0.8656716417910447,0.9225589225589226,0.8148148148148148,0.6963434431202348,0.11100499999999999
24,4,Default,XGB,242,60,0.8333333333333334,0.8709677419354839,0.8181818181818182,0.84375,0.9281705948372614,0.8518518518518519,0.667045768100612,0.11872298270463943
24,4,Default,NB,242,60,0.8666666666666667,0.8571428571428571,0.9090909090909091,0.8823529411764706,0.9214365881032548,0.8148148148148148,0.7304943077272633,0.12025559489030241
24,4,Default,KNN,242,60,0.8666666666666667,0.8571428571428571,0.9090909090909091,0.8823529411764706,0.9062850729517397,0.8148148148148148,0.7304943077272633,0.11333333333333333
24,4,Default,Stacking,242,60,0.8833333333333333,0.8611111111111112,0.9393939393939394,0.8985507246376812,0.9371492704826038,0.8148148148148148,0.7659026105380703,0.09362624635804058
24,4,Tuned,LR,242,60,0.8666666666666667,0.8571428571428571,0.9090909090909091,0.8823529411764706,0.9427609427609428,0.8148148148148148,0.7304943077272633,0.10615582409281311
24,4,Tuned,DT,242,60,0.8666666666666667,0.8571428571428571,0.9090909090909091,0.8823529411764706,0.8821548821548821,0.8148148148148148,0.7304943077272633,0.11652642412554033
24,4,Tuned,RF,242,60,0.9,0.8857142857142857,0.9393939393939394,0.9117647058823529,0.9438832772166106,0.8518518518518519,0.7984472665856134,0.10819965520105693
24,4,Tuned,XGB,242,60,0.9166666666666666,0.8888888888888888,0.9696969696969697,0.927536231884058,0.9438832772166106,0.8518518518518519,0.8342867721932552,0.08809464424848557
24,4,Tuned,NB,242,60,0.8666666666666667,0.8571428571428571,0.9090909090909091,0.8823529411764706,0.9214365881032548,0.8148148148148148,0.7304943077272633,0.12025559489030241
24,4,Tuned,KNN,242,60,0.8333333333333334,0.8285714285714286,0.8787878787878788,0.8529411764705882,0.9326599326599327,0.7777777777777778,0.6625413488689132,0.10625185884431858
24,4,Tuned,Stacking,242,60,0.9,0.8857142857142857,0.9393939393939394,0.9117647058823529,0.9438832772166105,0.8518518518518519,0.7984472665856134,0.09076248768394383
25,5,Default,LR,241,61,0.819672131147541,0.8055555555555556,0.8787878787878788,0.8405797101449275,0.8744588744588745,0.75,0.6371165579527096,0.13645730362274194
25,5,Default,DT,241,61,0.7213114754098361,0.7857142857142857,0.6666666666666666,0.7213114754098361,0.726190476190476,0.7857142857142857,0.4523809523809524,0.2786885245901639
25,5,Default,RF,241,61,0.7704918032786885,0.7878787878787878,0.7878787878787878,0.7878787878787878,0.8614718614718615,0.75,0.5378787878787878,0.14965409836065577
25,5,Default,XGB,241,61,0.819672131147541,0.84375,0.8181818181818182,0.8307692307692308,0.8387445887445888,0.8214285714285714,0.6382304303121595,0.1724657267332077
25,5,Default,NB,241,61,0.8524590163934426,0.8529411764705882,0.8787878787878788,0.8656716417910447,0.8712121212121212,0.8214285714285714,0.7025010124044243,0.14263640257667107
25,5,Default,KNN,241,61,0.7868852459016393,0.8125,0.7878787878787878,0.8,0.8127705627705628,0.7857142857142857,0.5723555466420381,0.18491803278688526
25,5,Default,Stacking,241,61,0.819672131147541,0.84375,0.8181818181818182,0.8307692307692308,0.8658008658008658,0.8214285714285714,0.6382304303121595,0.14471031183378902
25,5,Tuned,LR,241,61,0.819672131147541,0.8055555555555556,0.8787878787878788,0.8405797101449275,0.8744588744588745,0.75,0.6371165579527096,0.13645730362274194
25,5,Tuned,DT,241,61,0.7704918032786885,0.7714285714285715,0.8181818181818182,0.7941176470588235,0.8349567099567099,0.7142857142857143,0.5365478031139463,0.17010278984936414
25,5,Tuned,RF,241,61,0.8032786885245902,0.8181818181818182,0.8181818181818182,0.8181818181818182,0.8766233766233766,0.7857142857142857,0.6038961038961039,0.13962446834414938
25,5,Tuned,XGB,241,61,0.7868852459016393,0.8333333333333334,0.7575757575757576,0.7936507936507936,0.8571428571428572,0.8214285714285714,0.5771335508376638,0.1590297520160675
25,5,Tuned,NB,241,61,0.8524590163934426,0.8529411764705882,0.8787878787878788,0.8656716417910447,0.8712121212121212,0.8214285714285714,0.7025010124044243,0.1426630944206558
25,5,Tuned,KNN,241,61,0.7868852459016393,0.7941176470588235,0.8181818181818182,0.8059701492537313,0.8484848484848484,0.75,0.5700355973915344,0.15591985428051006
25,5,Tuned,Stacking,241,61,0.8032786885245902,0.8181818181818182,0.8181818181818182,0.8181818181818182,0.8766233766233766,0.7857142857142857,0.6038961038961039,0.13575111622833552
26,5,Default,LR,241,61,0.819672131147541,0.8235294117647058,0.8484848484848485,0.835820895522388,0.9166666666666666,0.7857142857142857,0.6362683048979794,0.11724044686548452
26,5,Default,DT,241,61,0.7704918032786885,0.7878787878787878,0.7878787878787878,0.7878787878787878,0.7689393939393939,0.75,0.5378787878787878,0.22950819672131148
26,5,Default,RF,241,61,0.819672131147541,0.84375,0.8181818181818182,0.8307692307692308,0.9393939393939393,0.8214285714285714,0.6382304303121595,0.10584918032786887
26,5,Default,XGB,241,61,0.8688524590163934,0.8787878787878788,0.8787878787878788,0.8787878787878788,0.9188311688311689,0.8571428571428571,0.7359307359307359,0.1187681034207344
26,5,Default,NB,241,61,0.8032786885245902,0.8181818181818182,0.8181818181818182,0.8181818181818182,0.8409090909090908,0.7857142857142857,0.6038961038961039,0.16573958312011786
26,5,Default,KNN,241,61,0.8360655737704918,0.8285714285714286,0.8787878787878788,0.8529411764705882,0.8955627705627706,0.7857142857142857,0.6695942095771606,0.12459016393442625
26,5,Default,Stacking,241,61,0.8032786885245902,0.8,0.8484848484848485,0.8235294117647058,0.9253246753246753,0.75,0.6030710063455536,0.1202367747829126
26,5,Tuned,LR,241,61,0.8524590163934426,0.8529411764705882,0.8787878787878788,0.8656716417910447,0.9090909090909092,0.8214285714285714,0.7025010124044243,0.1237791387726137
26,5,Tuned,DT,241,61,0.819672131147541,0.8055555555555556,0.8787878787878788,0.8405797101449275,0.8793290043290043,0.75,0.6371165579527096,0.1390563184181588
26,5,Tuned,RF,241,61,0.819672131147541,0.8055555555555556,0.8787878787878788,0.8405797101449275,0.9177489177489178,0.75,0.6371165579527096,0.1203630091577517
26,5,Tuned,XGB,241,61,0.8360655737704918,0.8285714285714286,0.8787878787878788,0.8529411764705882,0.8939393939393939,0.7857142857142857,0.6695942095771606,0.13047358393669128
26,5,Tuned,NB,241,61,0.8032786885245902,0.8181818181818182,0.8181818181818182,0.8181818181818182,0.8409090909090908,0.7857142857142857,0.6038961038961039,0.16573958312011786
26,5,Tuned,KNN,241,61,0.819672131147541,0.8055555555555556,0.8787878787878788,0.8405797101449275,0.9318181818181819,0.75,0.6371165579527096,0.11158437179088844
26,5,Tuned,Stacking,241,61,0.8032786885245902,0.8181818181818182,0.8181818181818182,0.8181818181818182,0.9296536796536796,0.7857142857142857,0.6038961038961039,0.1233537056576331
27,5,Default,LR,242,60,0.8333333333333334,0.8666666666666667,0.8125,0.8387096774193549,0.8772321428571429,0.8571428571428571,0.6681531047810609,0.14513744442724624
27,5,Default,DT,242,60,0.75,0.7741935483870968,0.75,0.7619047619047619,0.75,0.75,0.4991650425568579,0.25
27,5,Default,RF,242,60,0.7833333333333333,0.7878787878787878,0.8125,0.8,0.8610491071428572,0.75,0.5640760748177662,0.15577666666666667
27,5,Default,XGB,242,60,0.75,0.7741935483870968,0.75,0.7619047619047619,0.8683035714285714,0.75,0.4991650425568579,0.19764047861099243
27,5,Default,NB,242,60,0.8,0.8846153846153846,0.71875,0.7931034482758621,0.8080357142857143,0.8928571428571429,0.6157443296602304,0.18841805657604857
27,5,Default,KNN,242,60,0.8166666666666667,0.8620689655172413,0.78125,0.819672131147541,0.8761160714285714,0.8571428571428571,0.6373267954074168,0.14333333333333337
27,5,Default,Stacking,242,60,0.7833333333333333,0.8275862068965517,0.75,0.7868852459016393,0.8783482142857143,0.8214285714285714,0.5704743343506947,0.15156959416058713
27,5,Tuned,LR,242,60,0.8166666666666667,0.8620689655172413,0.78125,0.819672131147541,0.8738839285714285,0.8571428571428571,0.6373267954074168,0.15173943919857433
27,5,Tuned,DT,242,60,0.6666666666666666,0.75,0.5625,0.6428571428571429,0.7818080357142858,0.7857142857142857,0.3546040716334876,0.22021782347089147
27,5,Tuned,RF,242,60,0.8,0.8333333333333334,0.78125,0.8064516129032258,0.8638392857142857,0.8214285714285714,0.6013377943029549,0.1529039997656789
27,5,Tuned,XGB,242,60,0.7833333333333333,0.8275862068965517,0.75,0.7868852459016393,0.8604910714285714,0.8214285714285714,0.5704743343506947,0.15821461379528046
27,5,Tuned,NB,242,60,0.8,0.8846153846153846,0.71875,0.7931034482758621,0.8069196428571429,0.8928571428571429,0.6157443296602304,0.18829974536806998
27,5,Tuned,KNN,242,60,0.8166666666666667,0.8888888888888888,0.75,0.8135593220338984,0.8828125,0.8928571428571429,0.6446583712203042,0.14193548387096774
27,5,Tuned,Stacking,242,60,0.8,0.8846153846153846,0.71875,0.7931034482758621,0.8805803571428572,0.8928571428571429,0.6157443296602304,0.15160583463831345
28,5,Default,LR,242,60,0.9166666666666666,0.8888888888888888,0.9696969696969697,0.927536231884058,0.9405162738496071,0.8518518518518519,0.8342867721932552,0.09579077683208441
28,5,Default,DT,242,60,0.7,0.7027027027027027,0.7878787878787878,0.7428571428571429,0.6902356902356901,0.5925925925925926,0.38931045429515426,0.3
28,5,Default,RF,242,60,0.8666666666666667,0.8378378378378378,0.9393939393939394,0.8857142857142857,0.9090909090909091,0.7777777777777778,0.7338329802200695,0.11847166666666667
28,5,Default,XGB,242,60,0.8166666666666667,0.8235294117647058,0.8484848484848485,0.835820895522388,0.861952861952862,0.7777777777777778,0.6287372835939984,0.14763624966144562
28,5,Default,NB,242,60,0.8833333333333333,0.8611111111111112,0.9393939393939394,0.8985507246376812,0.9034792368125703,0.8148148148148148,0.7659026105380703,0.10979105049863472
28,5,Default,KNN,242,60,0.8333333333333334,0.8108108108108109,0.9090909090909091,0.8571428571428571,0.8608305274971942,0.7407407407407407,0.6649284750350865,0.144
28,5,Default,Stacking,242,60,0.8666666666666667,0.8378378378378378,0.9393939393939394,0.8857142857142857,0.9135802469135803,0.7777777777777778,0.7338329802200695,0.10717264378196134
28,5,Tuned,LR,242,60,0.9166666666666666,0.8888888888888888,0.9696969696969697,0.927536231884058,0.9405162738496071,0.8518518518518519,0.8342867721932552,0.09579077683208441
28,5,Tuned,DT,242,60,0.7666666666666667,0.7714285714285715,0.8181818181818182,0.7941176470588235,0.8030303030303031,0.7037037037037037,0.526635431152213,0.19309907926732617
28,5,Tuned,RF,242,60,0.8833333333333333,0.8421052631578947,0.9696969696969697,0.9014084507042254,0.9382716049382716,0.7777777777777778,0.7716711048373441,0.12026956122298135
28,5,Tuned,XGB,242,60,0.8333333333333334,0.8285714285714286,0.8787878787878788,0.8529411764705882,0.920314253647587,0.7777777777777778,0.6625413488689132,0.12106292694807053
28,5,Tuned,NB,242,60,0.8833333333333333,0.8611111111111112,0.9393939393939394,0.8985507246376812,0.9034792368125703,0.8148148148148148,0.7659026105380703,0.10979105049863472
28,5,Tuned,KNN,242,60,0.8333333333333334,0.8285714285714286,0.8787878787878788,0.8529411764705882,0.9006734006734006,0.7777777777777778,0.6625413488689132,0.12164412070759625
28,5,Tuned,Stacking,242,60,0.9,0.8648648648648649,0.9696969696969697,0.9142857142857143,0.9248035914702581,0.8148148148148148,0.8027374854050526,0.10104702354905719
29,5,Default,LR,242,60,0.8166666666666667,0.8055555555555556,0.8787878787878788,0.8405797101449275,0.9292929292929293,0.7407407407407407,0.6291342872277006,0.12084530798424906
29,5,Default,DT,242,60,0.7833333333333333,0.75,0.9090909090909091,0.821917808219178,0.7693602693602695,0.6296296296296297,0.5685352436149611,0.21666666666666667
29,5,Default,RF,242,60,0.8166666666666667,0.8055555555555556,0.8787878787878788,0.8405797101449275,0.9281705948372616,0.7407407407407407,0.6291342872277006,0.11925000000000001
29,5,Default,XGB,242,60,0.8666666666666667,0.8571428571428571,0.9090909090909091,0.8823529411764706,0.9315375982042648,0.8148148148148148,0.7304943077272633,0.12233337759971619
29,5,Default,NB,242,60,0.7,0.6595744680851063,0.9393939393939394,0.775,0.8827160493827162,0.4074074074074074,0.41879262230087516,0.2663865370696315
29,5,Default,KNN,242,60,0.8333333333333334,0.8484848484848485,0.8484848484848485,0.8484848484848485,0.8658810325476992,0.8148148148148148,0.6632996632996633,0.1413333333333333
29,5,Default,Stacking,242,60,0.8166666666666667,0.8055555555555556,0.8787878787878788,0.8405797101449275,0.9236812570145904,0.7407407407407407,0.6291342872277006,0.11907597271175988
29,5,Tuned,LR,242,60,0.8166666666666667,0.8055555555555556,0.8787878787878788,0.8405797101449275,0.9292929292929293,0.7407407407407407,0.6291342872277006,0.12084530798424906
29,5,Tuned,DT,242,60,0.8666666666666667,0.8378378378378378,0.9393939393939394,0.8857142857142857,0.9023569023569024,0.7777777777777778,0.7338329802200695,0.11985576177788694
29,5,Tuned,RF,242,60,0.8166666666666667,0.7894736842105263,0.9090909090909091,0.8450704225352113,0.9169472502805837,0.7037037037037037,0.6326312661279128,0.1311678834815118
29,5,Tuned,XGB,242,60,0.8333333333333334,0.7948717948717948,0.9393939393939394,0.8611111111111112,0.9292929292929293,0.7037037037037037,0.6707702909835204,0.11223820596933365
29,5,Tuned,NB,242,60,0.8166666666666667,0.7894736842105263,0.9090909090909091,0.8450704225352113,0.8827160493827162,0.7037037037037037,0.6326312661279128,0.15242729987760442
29,5,Tuned,KNN,242,60,0.8166666666666667,0.84375,0.8181818181818182,0.8307692307692308,0.9320987654320988,0.8148148148148148,0.6312279884865479,0.11757369614512471
29,5,Tuned,Stacking,242,60,0.8333333333333334,0.8108108108108109,0.9090909090909091,0.8571428571428571,0.9349046015712683,0.7407407407407407,0.6649284750350865,0.1154273425340277
30,6,Default,LR,241,61,0.9180327868852459,1.0,0.8484848484848485,0.9180327868852459,0.9837662337662338,1.0,0.8484848484848485,0.06770541512711821
30,6,Default,DT,241,61,0.8032786885245902,0.8620689655172413,0.7575757575757576,0.8064516129032258,0.8073593073593074,0.8571428571428571,0.6133923594201466,0.19672131147540983
30,6,Default,RF,241,61,0.9016393442622951,0.9655172413793104,0.8484848484848485,0.9032258064516129,0.9696969696969697,0.9642857142857143,0.8110170104305107,0.08091311475409838
30,6,Default,XGB,241,61,0.8360655737704918,0.896551724137931,0.7878787878787878,0.8387096774193549,0.9231601731601732,0.8928571428571429,0.6792672430902679,0.1314125955104828
30,6,Default,NB,241,61,0.9344262295081968,1.0,0.8787878787878788,0.9354838709677419,0.9696969696969697,1.0,0.8768918941006321,0.053045396480895055
30,6,Default,KNN,241,61,0.819672131147541,0.9583333333333334,0.696969696969697,0.8070175438596491,0.9659090909090908,0.9642857142857143,0.6745260734289104,0.0957377049180328
30,6,Default,Stacking,241,61,0.9344262295081968,1.0,0.8787878787878788,0.9354838709677419,0.9848484848484849,1.0,0.8768918941006321,0.06605607020266435
30,6,Tuned,LR,241,61,0.9180327868852459,1.0,0.8484848484848485,0.9180327868852459,0.9837662337662338,1.0,0.8484848484848485,0.06770541512711821
30,6,Tuned,DT,241,61,0.819672131147541,0.8666666666666667,0.7878787878787878,0.8253968253968254,0.8576839826839827,0.8571428571428571,0.6429375631761639,0.14725872670465093
30,6,Tuned,RF,241,61,0.9508196721311475,1.0,0.9090909090909091,0.9523809523809523,0.985930735930736,1.0,0.9061536125301638,0.09383168997258143
30,6,Tuned,XGB,241,61,0.8688524590163934,0.8787878787878788,0.8787878787878788,0.8787878787878788,0.9415584415584416,0.8571428571428571,0.7359307359307359,0.09911169856786728
30,6,Tuned,NB,241,61,0.9344262295081968,1.0,0.8787878787878788,0.9354838709677419,0.9696969696969697,1.0,0.8768918941006321,0.053045396480895055
30,6,Tuned,KNN,241,61,0.9344262295081968,1.0,0.8787878787878788,0.9354838709677419,0.9751082251082251,1.0,0.8768918941006321,0.08154074478429234
30,6,Tuned,Stacking,241,61,0.8852459016393442,0.9642857142857143,0.8181818181818182,0.8852459016393442,0.9794372294372296,0.9642857142857143,0.7824675324675324,0.07186004391422932
31,6,Default,LR,241,61,0.7540983606557377,0.8214285714285714,0.696969696969697,0.7540983606557377,0.8452380952380952,0.8214285714285714,0.5183982683982684,0.16455132001835812
31,6,Default,DT,241,61,0.7377049180327869,0.7428571428571429,0.7878787878787878,0.7647058823529411,0.7332251082251082,0.6785714285714286,0.4700245998823392,0.26229508196721313
31,6,Default,RF,241,61,0.7704918032786885,0.8275862068965517,0.7272727272727273,0.7741935483870968,0.8306277056277056,0.8214285714285714,0.5475174757500252,0.16888688524590165
31,6,Default,XGB,241,61,0.7868852459016393,0.7941176470588235,0.8181818181818182,0.8059701492537313,0.8376623376623377,0.75,0.5700355973915344,0.1712728887796402
31,6,Default,NB,241,61,0.7868852459016393,0.8571428571428571,0.7272727272727273,0.7868852459016393,0.8409090909090909,0.8571428571428571,0.5844155844155844,0.19070561405933623
31,6,Default,KNN,241,61,0.7540983606557377,0.8,0.7272727272727273,0.7619047619047619,0.797077922077922,0.7857142857142857,0.5113295384991638,0.19475409836065574
31,6,Default,Stacking,241,61,0.7704918032786885,0.8275862068965517,0.7272727272727273,0.7741935483870968,0.8419913419913421,0.8214285714285714,0.5475174757500252,0.1608547327295643
31,6,Tuned,LR,241,61,0.7540983606557377,0.8214285714285714,0.696969696969697,0.7540983606557377,0.8452380952380952,0.8214285714285714,0.5183982683982684,0.16455132001835812
31,6,Tuned,DT,241,61,0.639344262295082,0.7391304347826086,0.5151515151515151,0.6071428571428571,0.7343073593073592,0.7857142857142857,0.3093521181412925,0.23331658862340118
31,6,Tuned,RF,241,61,0.7704918032786885,0.8064516129032258,0.7575757575757576,0.78125,0.8506493506493507,0.7857142857142857,0.541534658916836,0.16066914111279426
31,6,Tuned,XGB,241,61,0.7704918032786885,0.7878787878787878,0.7878787878787878,0.7878787878787878,0.8344155844155844,0.75,0.5378787878787878,0.17116813361644745
31,6,Tuned,NB,241,61,0.7868852459016393,0.8571428571428571,0.7272727272727273,0.7868852459016393,0.8409090909090909,0.8571428571428571,0.5844155844155844,0.19070561405933623
31,6,Tuned,KNN,241,61,0.7213114754098361,0.7666666666666667,0.696969696969697,0.7301587301587301,0.8051948051948052,0.75,0.4455255261606639,0.1901382491578283
31,6,Tuned,Stacking,241,61,0.7868852459016393,0.8571428571428571,0.7272727272727273,0.7868852459016393,0.8387445887445888,0.8571428571428571,0.5844155844155844,0.16659040485106283
32,6,Default,LR,242,60,0.8666666666666667,0.8333333333333334,0.9375,0.8823529411764706,0.8950892857142857,0.7857142857142857,0.7364853795464743,0.1255222773197542
32,6,Default,DT,242,60,0.6666666666666666,0.7142857142857143,0.625,0.6666666666666666,0.6696428571428572,0.7142857142857143,0.3392857142857143,0.3333333333333333
32,6,Default,RF,242,60,0.75,0.7575757575757576,0.78125,0.7692307692307693,0.8716517857142857,0.7142857142857143,0.4969241611489845,0.14782499999999998
32,6,Default,XGB,242,60,0.7666666666666667,0.7647058823529411,0.8125,0.7878787878787878,0.8426339285714286,0.7142857142857143,0.5303491306562569,0.19630388915538788
32,6,Default,NB,242,60,0.7833333333333333,0.7878787878787878,0.8125,0.8,0.8191964285714286,0.75,0.5640760748177662,0.1983758668324612
32,6,Default,KNN,242,60,0.8,0.7941176470588235,0.84375,0.8181818181818182,0.8074776785714286,0.75,0.597766393027815,0.18066666666666667
32,6,Default,Stacking,242,60,0.8,0.8125,0.8125,0.8125,0.8794642857142857,0.7857142857142857,0.5982142857142857,0.14406291600074733
32,6,Tuned,LR,242,60,0.8166666666666667,0.8181818181818182,0.84375,0.8307692307692308,0.8939732142857142,0.7857142857142857,0.6312279884865479,0.13787878774079645
32,6,Tuned,DT,242,60,0.7333333333333333,0.7857142857142857,0.6875,0.7333333333333333,0.8236607142857142,0.7857142857142857,0.4732142857142857,0.1813398166888427
32,6,Tuned,RF,242,60,0.7666666666666667,0.7647058823529411,0.8125,0.7878787878787878,0.8839285714285714,0.7142857142857143,0.5303491306562569,0.13576499298503633
32,6,Tuned,XGB,242,60,0.7833333333333333,0.7714285714285715,0.84375,0.8059701492537313,0.8761160714285714,0.7142857142857143,0.5646924393157821,0.14573338627815247
32,6,Tuned,NB,242,60,0.7833333333333333,0.7878787878787878,0.8125,0.8,0.8191964285714286,0.75,0.5640760748177662,0.1990395640163964
32,6,Tuned,KNN,242,60,0.8,0.8333333333333334,0.78125,0.8064516129032258,0.8738839285714285,0.8214285714285714,0.6013377943029549,0.14688888888888885
32,6,Tuned,Stacking,242,60,0.8166666666666667,0.8181818181818182,0.84375,0.8307692307692308,0.8839285714285714,0.7857142857142857,0.6312279884865479,0.14455828804410356
33,6,Default,LR,242,60,0.85,0.8157894736842105,0.9393939393939394,0.8732394366197183,0.9506172839506173,0.7407407407407407,0.7021511854826284,0.0906689692013327
33,6,Default,DT,242,60,0.8666666666666667,0.9310344827586207,0.8181818181818182,0.8709677419354839,0.8720538720538721,0.9259259259259259,0.7407895213579662,0.13333333333333333
33,6,Default,RF,242,60,0.9,0.8648648648648649,0.9696969696969697,0.9142857142857143,0.9601571268237935,0.8148148148148148,0.8027374854050526,0.09368166666666668
33,6,Default,XGB,242,60,0.85,0.8529411764705882,0.8787878787878788,0.8656716417910447,0.951739618406285,0.8148148148148148,0.6963434431202348,0.09858392179012299
33,6,Default,NB,242,60,0.75,0.6956521739130435,0.9696969696969697,0.810126582278481,0.893939393939394,0.48148148148148145,0.5306941097826292,0.2337141021901105
33,6,Default,KNN,242,60,0.8666666666666667,0.8787878787878788,0.8787878787878788,0.8787878787878788,0.8922558922558923,0.8518518518518519,0.7306397306397306,0.12333333333333334
33,6,Default,Stacking,242,60,0.85,0.8157894736842105,0.9393939393939394,0.8732394366197183,0.9562289562289563,0.7407407407407407,0.7021511854826284,0.09440337732175554
33,6,Tuned,LR,242,60,0.85,0.8157894736842105,0.9393939393939394,0.8732394366197183,0.9506172839506173,0.7407407407407407,0.7021511854826284,0.0906689692013327
33,6,Tuned,DT,242,60,0.8166666666666667,0.8055555555555556,0.8787878787878788,0.8405797101449275,0.8815937149270483,0.7407407407407407,0.6291342872277006,0.1355507008126332
33,6,Tuned,RF,242,60,0.85,0.8157894736842105,0.9393939393939394,0.8732394366197183,0.9517396184062851,0.7407407407407407,0.7021511854826284,0.11119308104523412
33,6,Tuned,XGB,242,60,0.8666666666666667,0.8378378378378378,0.9393939393939394,0.8857142857142857,0.9517396184062851,0.7777777777777778,0.7338329802200695,0.09660037606954575
33,6,Tuned,NB,242,60,0.8333333333333334,0.7948717948717948,0.9393939393939394,0.8611111111111112,0.893939393939394,0.7037037037037037,0.6707702909835204,0.14561997247622244
33,6,Tuned,KNN,242,60,0.8833333333333333,0.8611111111111112,0.9393939393939394,0.8985507246376812,0.9551066217732884,0.8148148148148148,0.7659026105380703,0.09407407407407407
33,6,Tuned,Stacking,242,60,0.85,0.8157894736842105,0.9393939393939394,0.8732394366197183,0.9629629629629629,0.7407407407407407,0.7021511854826284,0.09319142382027618
34,6,Default,LR,242,60,0.8166666666666667,0.775,0.9393939393939394,0.8493150684931506,0.8911335578002245,0.6666666666666666,0.6396021490668312,0.13416961712861422
34,6,Default,DT,242,60,0.7166666666666667,0.7,0.8484848484848485,0.7671232876712328,0.7020202020202021,0.5555555555555556,0.42640143271122083,0.2833333333333333
34,6,Default,RF,242,60,0.8,0.7560975609756098,0.9393939393939394,0.8378378378378378,0.845679012345679,0.6296296296296297,0.6085557615242849,0.15886166666666668
34,6,Default,XGB,242,60,0.8,0.7837837837837838,0.8787878787878788,0.8285714285714286,0.8428731762065096,0.7037037037037037,0.5960239698501034,0.1607906073331833
34,6,Default,NB,242,60,0.7666666666666667,0.7567567567567568,0.8484848484848485,0.8,0.8316498316498316,0.6666666666666666,0.5271194646651204,0.2027036038421339
34,6,Default,KNN,242,60,0.85,0.8157894736842105,0.9393939393939394,0.8732394366197183,0.8681257014590348,0.7407407407407407,0.7021511854826284,0.13933333333333334
34,6,Default,Stacking,242,60,0.8,0.7560975609756098,0.9393939393939394,0.8378378378378378,0.8641975308641976,0.6296296296296297,0.6085557615242849,0.1414492435017595
34,6,Tuned,LR,242,60,0.8166666666666667,0.775,0.9393939393939394,0.8493150684931506,0.8911335578002245,0.6666666666666666,0.6396021490668312,0.13416961712861422
34,6,Tuned,DT,242,60,0.7,0.7142857142857143,0.7575757575757576,0.7352941176470589,0.7654320987654322,0.6296296296296297,0.39072951343551293,0.2209582180719921
34,6,Tuned,RF,242,60,0.7833333333333333,0.75,0.9090909090909091,0.821917808219178,0.8597081930415263,0.6296296296296297,0.5685352436149611,0.14860446403678776
34,6,Tuned,XGB,242,60,0.8333333333333334,0.8285714285714286,0.8787878787878788,0.8529411764705882,0.8574635241301909,0.7777777777777778,0.6625413488689132,0.15050330758094788
34,6,Tuned,NB,242,60,0.7666666666666667,0.7567567567567568,0.8484848484848485,0.8,0.8316498316498316,0.6666666666666666,0.5271194646651204,0.2027036038421339
34,6,Tuned,KNN,242,60,0.8333333333333334,0.7804878048780488,0.9696969696969697,0.8648648648648649,0.9090909090909091,0.6666666666666666,0.6805741948407684,0.1259278529309747
34,6,Tuned,Stacking,242,60,0.8166666666666667,0.775,0.9393939393939394,0.8493150684931506,0.8810325476992144,0.6666666666666666,0.6396021490668312,0.13820798293050196
35,7,Default,LR,241,61,0.8360655737704918,0.7948717948717948,0.9393939393939394,0.8611111111111112,0.8766233766233766,0.7142857142857143,0.678355435247432,0.14125849321119546
35,7,Default,DT,241,61,0.7213114754098361,0.75,0.7272727272727273,0.7384615384615385,0.7207792207792209,0.7142857142857143,0.4406057793017954,0.2786885245901639
35,7,Default,RF,241,61,0.8360655737704918,0.8285714285714286,0.8787878787878788,0.8529411764705882,0.8787878787878789,0.7857142857142857,0.6695942095771606,0.1419327868852459
35,7,Default,XGB,241,61,0.7540983606557377,0.725,0.8787878787878788,0.7945205479452054,0.8603896103896104,0.6071428571428571,0.5096484554419892,0.18221181631088257
35,7,Default,NB,241,61,0.8032786885245902,0.8181818181818182,0.8181818181818182,0.8181818181818182,0.8766233766233766,0.7857142857142857,0.6038961038961039,0.17830512440045787
35,7,Default,KNN,241,61,0.819672131147541,0.84375,0.8181818181818182,0.8307692307692308,0.8679653679653679,0.8214285714285714,0.6382304303121595,0.1422950819672131
35,7,Default,Stacking,241,61,0.8032786885245902,0.8,0.8484848484848485,0.8235294117647058,0.8852813852813853,0.75,0.6030710063455536,0.13646879769003653
35,7,Tuned,LR,241,61,0.7868852459016393,0.75,0.9090909090909091,0.821917808219178,0.8419913419913421,0.6428571428571429,0.5788880006133953,0.16415937816740958
35,7,Tuned,DT,241,61,0.7213114754098361,0.75,0.7272727272727273,0.7384615384615385,0.8084415584415585,0.7142857142857143,0.4406057793017954,0.20147868109708172
35,7,Tuned,RF,241,61,0.819672131147541,0.8055555555555556,0.8787878787878788,0.8405797101449275,0.8863636363636364,0.75,0.6371165579527096,0.13637936297789946
35,7,Tuned,XGB,241,61,0.8032786885245902,0.8,0.8484848484848485,0.8235294117647058,0.8528138528138528,0.75,0.6030710063455536,0.15865978598594666
35,7,Tuned,NB,241,61,0.8032786885245902,0.8181818181818182,0.8181818181818182,0.8181818181818182,0.8766233766233766,0.7857142857142857,0.6038961038961039,0.17830512440045787
35,7,Tuned,KNN,241,61,0.8032786885245902,0.7837837837837838,0.8787878787878788,0.8285714285714286,0.9036796536796537,0.7142857142857143,0.6049759218314941,0.1317616553794715
35,7,Tuned,Stacking,241,61,0.819672131147541,0.7894736842105263,0.9090909090909091,0.8450704225352113,0.8777056277056278,0.7142857142857143,0.6409597843503038,0.14469711081830972
36,7,Default,LR,241,61,0.8524590163934426,0.9,0.8181818181818182,0.8571428571428571,0.9145021645021646,0.8928571428571429,0.7087415755146639,0.11885510157373247
36,7,Default,DT,241,61,0.7049180327868853,0.7777777777777778,0.6363636363636364,0.7,0.7110389610389609,0.7857142857142857,0.42345501520513984,0.29508196721311475
36,7,Default,RF,241,61,0.7868852459016393,0.7941176470588235,0.8181818181818182,0.8059701492537313,0.8755411255411256,0.75,0.5700355973915344,0.14347213114754098
36,7,Default,XGB,241,61,0.8032786885245902,0.8181818181818182,0.8181818181818182,0.8181818181818182,0.8636363636363636,0.7857142857142857,0.6038961038961039,0.1681487262248993
36,7,Default,NB,241,61,0.8360655737704918,0.8285714285714286,0.8787878787878788,0.8529411764705882,0.8831168831168832,0.7857142857142857,0.6695942095771606,0.15431844797850364
36,7,Default,KNN,241,61,0.7704918032786885,0.8064516129032258,0.7575757575757576,0.78125,0.8398268398268398,0.7857142857142857,0.541534658916836,0.17442622950819672
36,7,Default,Stacking,241,61,0.819672131147541,0.8235294117647058,0.8484848484848485,0.835820895522388,0.8852813852813854,0.7857142857142857,0.6362683048979794,0.13314605384070616
36,7,Tuned,LR,241,61,0.819672131147541,0.8235294117647058,0.8484848484848485,0.835820895522388,0.8831168831168832,0.7857142857142857,0.6362683048979794,0.18661655198707552
36,7,Tuned,DT,241,61,0.7540983606557377,0.78125,0.7575757575757576,0.7692307692307693,0.8484848484848484,0.75,0.5064806629719167,0.1507615888321657
36,7,Tuned,RF,241,61,0.7868852459016393,0.7777777777777778,0.8484848484848485,0.8115942028985508,0.8917748917748918,0.7142857142857143,0.5702248022984665,0.14101404692115077
36,7,Tuned,XGB,241,61,0.7704918032786885,0.7878787878787878,0.7878787878787878,0.7878787878787878,0.8787878787878788,0.75,0.5378787878787878,0.14336064457893372
36,7,Tuned,NB,241,61,0.8360655737704918,0.8285714285714286,0.8787878787878788,0.8529411764705882,0.8841991341991342,0.7857142857142857,0.6695942095771606,0.15408971850270062
36,7,Tuned,KNN,241,61,0.819672131147541,0.84375,0.8181818181818182,0.8307692307692308,0.8733766233766234,0.8214285714285714,0.6382304303121595,0.14312277170297336
36,7,Tuned,Stacking,241,61,0.819672131147541,0.8055555555555556,0.8787878787878788,0.8405797101449275,0.8993506493506495,0.75,0.6371165579527096,0.1277959453721315
37,7,Default,LR,242,60,0.9,0.8823529411764706,0.9375,0.9090909090909091,0.9352678571428572,0.8571428571428571,0.8000181801424892,0.09150372846785083
37,7,Default,DT,242,60,0.7666666666666667,0.8461538461538461,0.6875,0.7586206896551724,0.7723214285714287,0.8571428571428571,0.5483270672886724,0.23333333333333334
37,7,Default,RF,242,60,0.9,0.90625,0.90625,0.90625,0.9341517857142857,0.8928571428571429,0.7991071428571429,0.09810333333333335
37,7,Default,XGB,242,60,0.85,0.896551724137931,0.8125,0.8524590163934426,0.8917410714285714,0.8928571428571429,0.7041792564641388,0.1313817799091339
37,7,Default,NB,242,60,0.7666666666666667,0.7142857142857143,0.9375,0.8108108108108109,0.89453125,0.5714285714285714,0.554051251343814,0.22657739154497683
37,7,Default,KNN,242,60,0.8833333333333333,0.9032258064516129,0.875,0.8888888888888888,0.9268973214285714,0.8928571428571429,0.7665748867837461,0.10600000000000002
37,7,Default,Stacking,242,60,0.9,0.8823529411764706,0.9375,0.9090909090909091,0.9386160714285714,0.8571428571428571,0.8000181801424892,0.08843462642742003
37,7,Tuned,LR,242,60,0.9,0.8823529411764706,0.9375,0.9090909090909091,0.9308035714285714,0.8571428571428571,0.8000181801424892,0.10912763415433593
37,7,Tuned,DT,242,60,0.8,0.75,0.9375,0.8333333333333334,0.8638392857142858,0.6428571428571429,0.6141922686399942,0.14360527262970704
37,7,Tuned,RF,242,60,0.8833333333333333,0.8787878787878788,0.90625,0.8923076923076924,0.9397321428571429,0.8571428571428571,0.7655318158241113,0.10648266301028922
37,7,Tuned,XGB,242,60,0.8833333333333333,0.8571428571428571,0.9375,0.8955223880597015,0.9274553571428571,0.8214285714285714,0.7679817174694635,0.10008995980024338
37,7,Tuned,NB,242,60,0.85,0.8285714285714286,0.90625,0.8656716417910447,0.89453125,0.7857142857142857,0.7002186247515697,0.1251707220540969
37,7,Tuned,KNN,242,60,0.8666666666666667,0.9,0.84375,0.8709677419354839,0.9308035714285714,0.8928571428571429,0.734968415259167,0.10084745300367509
37,7,Tuned,Stacking,242,60,0.8833333333333333,0.8571428571428571,0.9375,0.8955223880597015,0.9363839285714285,0.8214285714285714,0.7679817174694635,0.0876300467043539
38,7,Default,LR,242,60,0.8166666666666667,0.8235294117647058,0.8484848484848485,0.835820895522388,0.9169472502805835,0.7777777777777778,0.6287372835939984,0.11746180034199721
38,7,Default,DT,242,60,0.7666666666666667,0.8064516129032258,0.7575757575757576,0.78125,0.7676767676767676,0.7777777777777778,0.5329662167236046,0.23333333333333334
38,7,Default,RF,242,60,0.8166666666666667,0.8235294117647058,0.8484848484848485,0.835820895522388,0.8900112233445566,0.7777777777777778,0.6287372835939984,0.13177
38,7,Default,XGB,242,60,0.8166666666666667,0.84375,0.8181818181818182,0.8307692307692308,0.8765432098765433,0.8148148148148148,0.6312279884865479,0.16352719068527222
38,7,Default,NB,242,60,0.8166666666666667,0.84375,0.8181818181818182,0.8307692307692308,0.877665544332211,0.8148148148148148,0.6312279884865479,0.16936955131154444
38,7,Default,KNN,242,60,0.8166666666666667,0.84375,0.8181818181818182,0.8307692307692308,0.8984287317620652,0.8148148148148148,0.6312279884865479,0.126
38,7,Default,Stacking,242,60,0.8166666666666667,0.8235294117647058,0.8484848484848485,0.835820895522388,0.9057239057239057,0.7777777777777778,0.6287372835939984,0.1274166986199565
38,7,Tuned,LR,242,60,0.8166666666666667,0.8235294117647058,0.8484848484848485,0.835820895522388,0.9068462401795735,0.7777777777777778,0.6287372835939984,0.12778639262566885
38,7,Tuned,DT,242,60,0.7833333333333333,0.7380952380952381,0.9393939393939394,0.8266666666666667,0.867003367003367,0.5925925925925926,0.5775353766869084,0.13162549023348794
38,7,Tuned,RF,242,60,0.8,0.8181818181818182,0.8181818181818182,0.8181818181818182,0.9068462401795736,0.7777777777777778,0.5959595959595959,0.12512474506228963
38,7,Tuned,XGB,242,60,0.8333333333333334,0.8709677419354839,0.8181818181818182,0.84375,0.9068462401795736,0.8518518518518519,0.667045768100612,0.1243865117430687
38,7,Tuned,NB,242,60,0.8166666666666667,0.84375,0.8181818181818182,0.8307692307692308,0.8787878787878788,0.8148148148148148,0.6312279884865479,0.16924298716693334
38,7,Tuned,KNN,242,60,0.8,0.8,0.8484848484848485,0.8235294117647058,0.8978675645342312,0.7407407407407407,0.5945883900105631,0.13176657928603022
38,7,Tuned,Stacking,242,60,0.8166666666666667,0.84375,0.8181818181818182,0.8307692307692308,0.9124579124579124,0.8148148148148148,0.6312279884865479,0.1272668039066685
39,7,Default,LR,242,60,0.8666666666666667,0.8787878787878788,0.8787878787878788,0.8787878787878788,0.9349046015712682,0.8518518518518519,0.7306397306397306,0.10453206346088603
39,7,Default,DT,242,60,0.7166666666666667,0.75,0.7272727272727273,0.7384615384615385,0.7154882154882155,0.7037037037037037,0.4297722474802028,0.2833333333333333
39,7,Default,RF,242,60,0.8,0.7837837837837838,0.8787878787878788,0.8285714285714286,0.909652076318743,0.7037037037037037,0.5960239698501034,0.1293083333333333
39,7,Default,XGB,242,60,0.8166666666666667,0.7894736842105263,0.9090909090909091,0.8450704225352113,0.8653198653198653,0.7037037037037037,0.6326312661279128,0.1603715568780899
39,7,Default,NB,242,60,0.8666666666666667,0.8571428571428571,0.9090909090909091,0.8823529411764706,0.8900112233445567,0.8148148148148148,0.7304943077272633,0.11963092084979059
39,7,Default,KNN,242,60,0.8333333333333334,0.8285714285714286,0.8787878787878788,0.8529411764705882,0.8692480359147026,0.7777777777777778,0.6625413488689132,0.132
39,7,Default,Stacking,242,60,0.85,0.8333333333333334,0.9090909090909091,0.8695652173913043,0.9236812570145905,0.7777777777777778,0.6975184488828855,0.11308384681428543
39,7,Tuned,LR,242,60,0.8666666666666667,0.8787878787878788,0.8787878787878788,0.8787878787878788,0.9349046015712682,0.8518518518518519,0.7306397306397306,0.10453206346088603
39,7,Tuned,DT,242,60,0.75,0.7647058823529411,0.7878787878787878,0.7761194029850746,0.8041526374859709,0.7037037037037037,0.4935249645415256,0.1804086791339712
39,7,Tuned,RF,242,60,0.8333333333333334,0.8108108108108109,0.9090909090909091,0.8571428571428571,0.9214365881032548,0.7407407407407407,0.6649284750350865,0.1258413833684669
39,7,Tuned,XGB,242,60,0.85,0.8,0.9696969696969697,0.8767123287671232,0.914702581369248,0.7037037037037037,0.7106690545187014,0.1180378720164299
39,7,Tuned,NB,242,60,0.8666666666666667,0.8571428571428571,0.9090909090909091,0.8823529411764706,0.8900112233445567,0.8148148148148148,0.7304943077272633,0.11963092084979059
39,7,Tuned,KNN,242,60,0.85,0.8529411764705882,0.8787878787878788,0.8656716417910447,0.9231200897867564,0.8148148148148148,0.6963434431202348,0.11619840443981964
39,7,Tuned,Stacking,242,60,0.85,0.8333333333333334,0.9090909090909091,0.8695652173913043,0.9270482603815937,0.7777777777777778,0.6975184488828855,0.11050755298437867
40,8,Default,LR,241,61,0.8360655737704918,0.8285714285714286,0.8787878787878788,0.8529411764705882,0.9112554112554112,0.7857142857142857,0.6695942095771606,0.11718594422396823
40,8,Default,DT,241,61,0.6065573770491803,0.6666666666666666,0.5454545454545454,0.6,0.612012987012987,0.6785714285714286,0.22475689268580498,0.39344262295081966
40,8,Default,RF,241,61,0.7868852459016393,0.8125,0.7878787878787878,0.8,0.8890692640692641,0.7857142857142857,0.5723555466420381,0.13332295081967213
40,8,Default,XGB,241,61,0.7377049180327869,0.7741935483870968,0.7272727272727273,0.75,0.8203463203463204,0.75,0.475730646578336,0.21367792785167694
40,8,Default,NB,241,61,0.8524590163934426,0.8529411764705882,0.8787878787878788,0.8656716417910447,0.8906926406926406,0.8214285714285714,0.7025010124044243,0.12886777604555757
40,8,Default,KNN,241,61,0.8852459016393442,0.90625,0.8787878787878788,0.8923076923076924,0.8961038961038961,0.8928571428571429,0.7699801976524022,0.12000000000000002
40,8,Default,Stacking,241,61,0.7868852459016393,0.8125,0.7878787878787878,0.8,0.8777056277056278,0.7857142857142857,0.5723555466420381,0.1409153776752413
40,8,Tuned,LR,241,61,0.7868852459016393,0.7941176470588235,0.8181818181818182,0.8059701492537313,0.8841991341991342,0.75,0.5700355973915344,0.13527018737114493
40,8,Tuned,DT,241,61,0.6885245901639344,0.8181818181818182,0.5454545454545454,0.6545454545454545,0.783008658008658,0.8571428571428571,0.4177950693908025,0.2251387949741509
40,8,Tuned,RF,241,61,0.819672131147541,0.8055555555555556,0.8787878787878788,0.8405797101449275,0.9112554112554113,0.75,0.6371165579527096,0.13081849523039712
40,8,Tuned,XGB,241,61,0.7213114754098361,0.7666666666666667,0.696969696969697,0.7301587301587301,0.8571428571428572,0.75,0.4455255261606639,0.16616608202457428
40,8,Tuned,NB,241,61,0.8524590163934426,0.8529411764705882,0.8787878787878788,0.8656716417910447,0.8906926406926406,0.8214285714285714,0.7025010124044243,0.12864209501456805
40,8,Tuned,KNN,241,61,0.8688524590163934,0.8787878787878788,0.8787878787878788,0.8787878787878788,0.9123376623376624,0.8571428571428571,0.7359307359307359,0.11550468262226847
40,8,Tuned,Stacking,241,61,0.8524590163934426,0.8529411764705882,0.8787878787878788,0.8656716417910447,0.8971861471861473,0.8214285714285714,0.7025010124044243,0.12771669578524564
41,8,Default,LR,241,61,0.8360655737704918,0.8285714285714286,0.8787878787878788,0.8529411764705882,0.9090909090909091,0.7857142857142857,0.6695942095771606,0.1199256260868006
41,8,Default,DT,241,61,0.6885245901639344,0.75,0.6363636363636364,0.6885245901639344,0.6931818181818181,0.75,0.38636363636363635,0.3114754098360656
41,8,Default,RF,241,61,0.8032786885245902,0.8,0.8484848484848485,0.8235294117647058,0.9117965367965368,0.75,0.6030710063455536,0.12238852459016394
41,8,Default,XGB,241,61,0.7704918032786885,0.7567567567567568,0.8484848484848485,0.8,0.8365800865800865,0.6785714285714286,0.5376337115546307,0.19344966113567352
41,8,Default,NB,241,61,0.8852459016393442,0.90625,0.8787878787878788,0.8923076923076924,0.8939393939393939,0.8928571428571429,0.7699801976524022,0.11624645268283466
41,8,Default,KNN,241,61,0.7868852459016393,0.7941176470588235,0.8181818181818182,0.8059701492537313,0.8701298701298701,0.75,0.5700355973915344,0.15213114754098359
41,8,Default,Stacking,241,61,0.8688524590163934,0.8787878787878788,0.8787878787878788,0.8787878787878788,0.9069264069264069,0.8571428571428571,0.7359307359307359,0.11719089104446566
41,8,Tuned,LR,241,61,0.8360655737704918,0.8285714285714286,0.8787878787878788,0.8529411764705882,0.9090909090909091,0.7857142857142857,0.6695942095771606,0.1199256260868006
41,8,Tuned,DT,241,61,0.7868852459016393,0.7631578947368421,0.8787878787878788,0.8169014084507042,0.7976190476190477,0.6785714285714286,0.5730803627437612,0.1827004526674695
41,8,Tuned,RF,241,61,0.819672131147541,0.8055555555555556,0.8787878787878788,0.8405797101449275,0.9145021645021646,0.75,0.6371165579527096,0.13121101727944742
41,8,Tuned,XGB,241,61,0.7868852459016393,0.7941176470588235,0.8181818181818182,0.8059701492537313,0.8971861471861472,0.75,0.5700355973915344,0.13073305785655975
41,8,Tuned,NB,241,61,0.8852459016393442,0.90625,0.8787878787878788,0.8923076923076924,0.8939393939393939,0.8928571428571429,0.7699801976524022,0.11624645268283466
41,8,Tuned,KNN,241,61,0.8360655737704918,0.8285714285714286,0.8787878787878788,0.8529411764705882,0.8939393939393938,0.7857142857142857,0.6695942095771606,0.13273400317292441
41,8,Tuned,Stacking,241,61,0.819672131147541,0.8235294117647058,0.8484848484848485,0.835820895522388,0.906926406926407,0.7857142857142857,0.6362683048979794,0.1243253625909201
42,8,Default,LR,242,60,0.9,0.8823529411764706,0.9375,0.9090909090909091,0.9308035714285714,0.8571428571428571,0.8000181801424892,0.09292244394046531
42,8,Default,DT,242,60,0.8166666666666667,0.8387096774193549,0.8125,0.8253968253968254,0.8169642857142857,0.8214285714285714,0.632869964670302,0.18333333333333332
42,8,Default,RF,242,60,0.85,0.8484848484848485,0.875,0.8615384615384616,0.9246651785714286,0.8214285714285714,0.6983799021553296,0.10821333333333333
42,8,Default,XGB,242,60,0.85,0.8484848484848485,0.875,0.8615384615384616,0.9296875,0.8214285714285714,0.6983799021553296,0.10910860449075699
42,8,Default,NB,242,60,0.7333333333333333,0.6739130434782609,0.96875,0.7948717948717948,0.9017857142857143,0.4642857142857143,0.5107810623937508,0.2582103599414077
42,8,Default,KNN,242,60,0.8166666666666667,0.8387096774193549,0.8125,0.8253968253968254,0.9051339285714285,0.8214285714285714,0.632869964670302,0.12466666666666668
42,8,Default,Stacking,242,60,0.8666666666666667,0.8529411764705882,0.90625,0.8787878787878788,0.9341517857142857,0.8214285714285714,0.7326009177709311,0.10046699594867234
42,8,Tuned,LR,242,60,0.8833333333333333,0.8571428571428571,0.9375,0.8955223880597015,0.9375,0.8214285714285714,0.7679817174694635,0.09075472838079642
42,8,Tuned,DT,242,60,0.7666666666666667,0.8,0.75,0.7741935483870968,0.8510044642857144,0.7857142857142857,0.5345224838248488,0.15539687224752158
42,8,Tuned,RF,242,60,0.8833333333333333,0.8571428571428571,0.9375,0.8955223880597015,0.9441964285714285,0.8214285714285714,0.7679817174694635,0.10253583318116884
42,8,Tuned,XGB,242,60,0.9,0.8823529411764706,0.9375,0.9090909090909091,0.9553571428571428,0.8571428571428571,0.8000181801424892,0.08832462131977081
42,8,Tuned,NB,242,60,0.7333333333333333,0.6739130434782609,0.96875,0.7948717948717948,0.9017857142857143,0.4642857142857143,0.5107810623937508,0.2582103599414077
42,8,Tuned,KNN,242,60,0.8666666666666667,0.875,0.875,0.875,0.9296875,0.8571428571428571,0.7321428571428571,0.10520018606575111
42,8,Tuned,Stacking,242,60,0.8666666666666667,0.8529411764705882,0.90625,0.8787878787878788,0.9363839285714285,0.8214285714285714,0.7326009177709311,0.09663988057545245
43,8,Default,LR,242,60,0.8333333333333334,0.8709677419354839,0.8181818181818182,0.84375,0.9337822671156004,0.8518518518518519,0.667045768100612,0.10578310115094837
43,8,Default,DT,242,60,0.6833333333333333,0.71875,0.696969696969697,0.7076923076923077,0.6818181818181819,0.6666666666666666,0.36262033381142117,0.31666666666666665
43,8,Default,RF,242,60,0.8833333333333333,0.8823529411764706,0.9090909090909091,0.8955223880597015,0.9191919191919191,0.8518518518518519,0.7639496026464712,0.11315
43,8,Default,XGB,242,60,0.8,0.8,0.8484848484848485,0.8235294117647058,0.9147025813692481,0.7407407407407407,0.5945883900105631,0.11580755561590195
43,8,Default,NB,242,60,0.8666666666666667,0.8787878787878788,0.8787878787878788,0.8787878787878788,0.9180695847362514,0.8518518518518519,0.7306397306397306,0.12068632002235967
43,8,Default,KNN,242,60,0.85,0.875,0.8484848484848485,0.8615384615384616,0.8709315375982043,0.8518518518518519,0.6983799021553296,0.13466666666666666
43,8,Default,Stacking,242,60,0.8333333333333334,0.8709677419354839,0.8181818181818182,0.84375,0.936026936026936,0.8518518518518519,0.667045768100612,0.10327611772971834
43,8,Tuned,LR,242,60,0.8666666666666667,0.8787878787878788,0.8787878787878788,0.8787878787878788,0.9270482603815937,0.8518518518518519,0.7306397306397306,0.10391692344704569
43,8,Tuned,DT,242,60,0.8166666666666667,0.8666666666666667,0.7878787878787878,0.8253968253968254,0.8787878787878788,0.8518518518518519,0.6365239496641676,0.14299034469879165
43,8,Tuned,RF,242,60,0.8833333333333333,0.8823529411764706,0.9090909090909091,0.8955223880597015,0.9371492704826039,0.8518518518518519,0.7639496026464712,0.1133278358528453
43,8,Tuned,XGB,242,60,0.85,0.8157894736842105,0.9393939393939394,0.8732394366197183,0.9270482603815938,0.7407407407407407,0.7021511854826284,0.10756340622901917
43,8,Tuned,NB,242,60,0.8666666666666667,0.8787878787878788,0.8787878787878788,0.8787878787878788,0.9180695847362514,0.8518518518518519,0.7306397306397306,0.12084432048834706
43,8,Tuned,KNN,242,60,0.8666666666666667,0.8787878787878788,0.8787878787878788,0.8787878787878788,0.9068462401795735,0.8518518518518519,0.7306397306397306,0.11827034552914645
43,8,Tuned,Stacking,242,60,0.8666666666666667,0.8787878787878788,0.8787878787878788,0.8787878787878788,0.9360269360269361,0.8518518518518519,0.7306397306397306,0.10070084104051016
44,8,Default,LR,242,60,0.8166666666666667,0.8055555555555556,0.8787878787878788,0.8405797101449275,0.8945005611672279,0.7407407407407407,0.6291342872277006,0.12812786221152947
44,8,Default,DT,242,60,0.75,0.7647058823529411,0.7878787878787878,0.7761194029850746,0.7457912457912458,0.7037037037037037,0.4935249645415256,0.25
44,8,Default,RF,242,60,0.7333333333333333,0.7575757575757576,0.7575757575757576,0.7575757575757576,0.8692480359147027,0.7037037037037037,0.4612794612794613,0.14429166666666665
44,8,Default,XGB,242,60,0.8166666666666667,0.8235294117647058,0.8484848484848485,0.835820895522388,0.8855218855218856,0.7777777777777778,0.6287372835939984,0.1511472761631012
44,8,Default,NB,242,60,0.7333333333333333,0.7428571428571429,0.7878787878787878,0.7647058823529411,0.8260381593714927,0.6666666666666666,0.458682472293863,0.2030548423686202
44,8,Default,KNN,242,60,0.7833333333333333,0.7777777777777778,0.8484848484848485,0.8115942028985508,0.8019079685746353,0.7037037037037037,0.5607501255725158,0.17466666666666666
44,8,Default,Stacking,242,60,0.8,0.7837837837837838,0.8787878787878788,0.8285714285714286,0.8799102132435466,0.7037037037037037,0.5960239698501034,0.13999317991386626
44,8,Tuned,LR,242,60,0.85,0.8333333333333334,0.9090909090909091,0.8695652173913043,0.9046015712682379,0.7777777777777778,0.6975184488828855,0.12199670438406246
44,8,Tuned,DT,242,60,0.75,0.8,0.7272727272727273,0.7619047619047619,0.8299663299663299,0.7777777777777778,0.502518907629606,0.18442779954829133
44,8,Tuned,RF,242,60,0.7833333333333333,0.7777777777777778,0.8484848484848485,0.8115942028985508,0.8698092031425365,0.7037037037037037,0.5607501255725158,0.14397093752804366
44,8,Tuned,XGB,242,60,0.8333333333333334,0.8285714285714286,0.8787878787878788,0.8529411764705882,0.8625140291806959,0.7777777777777778,0.6625413488689132,0.15376625955104828
44,8,Tuned,NB,242,60,0.7333333333333333,0.7428571428571429,0.7878787878787878,0.7647058823529411,0.8260381593714927,0.6666666666666666,0.458682472293863,0.2030548423686202
44,8,Tuned,KNN,242,60,0.7833333333333333,0.8125,0.7878787878787878,0.8,0.8625140291806959,0.7777777777777778,0.5640760748177662,0.15222222222222223
44,8,Tuned,Stacking,242,60,0.8,0.8,0.8484848484848485,0.8235294117647058,0.8821548821548821,0.7407407407407407,0.5945883900105631,0.1413362915431913
45,9,Default,LR,241,61,0.8852459016393442,0.8823529411764706,0.9090909090909091,0.8955223880597015,0.9155844155844156,0.8571428571428571,0.7687337199108693,0.10696481603247916
45,9,Default,DT,241,61,0.7213114754098361,0.75,0.7272727272727273,0.7384615384615385,0.7207792207792209,0.7142857142857143,0.4406057793017954,0.2786885245901639
45,9,Default,RF,241,61,0.8360655737704918,0.8285714285714286,0.8787878787878788,0.8529411764705882,0.9074675324675325,0.7857142857142857,0.6695942095771606,0.12288524590163934
45,9,Default,XGB,241,61,0.7868852459016393,0.7777777777777778,0.8484848484848485,0.8115942028985508,0.8430735930735931,0.7142857142857143,0.5702248022984665,0.17048515379428864
45,9,Default,NB,241,61,0.8852459016393442,0.8823529411764706,0.9090909090909091,0.8955223880597015,0.8766233766233766,0.8571428571428571,0.7687337199108693,0.11859860710306344
45,9,Default,KNN,241,61,0.8524590163934426,0.8333333333333334,0.9090909090909091,0.8695652173913043,0.9128787878787878,0.7857142857142857,0.7040083136069528,0.11934426229508201
45,9,Default,Stacking,241,61,0.8688524590163934,0.8571428571428571,0.9090909090909091,0.8823529411764706,0.9188311688311688,0.8214285714285714,0.7361174128087679,0.1086525142672297
45,9,Tuned,LR,241,61,0.8852459016393442,0.8823529411764706,0.9090909090909091,0.8955223880597015,0.9155844155844156,0.8571428571428571,0.7687337199108693,0.10696481603247916
45,9,Tuned,DT,241,61,0.7704918032786885,0.7714285714285715,0.8181818181818182,0.7941176470588235,0.8300865800865802,0.7142857142857143,0.5365478031139463,0.16332453630532348
45,9,Tuned,RF,241,61,0.8688524590163934,0.8571428571428571,0.9090909090909091,0.8823529411764706,0.9101731601731602,0.8214285714285714,0.7361174128087679,0.12874080615344502
45,9,Tuned,XGB,241,61,0.8032786885245902,0.7837837837837838,0.8787878787878788,0.8285714285714286,0.8668831168831169,0.7142857142857143,0.6049759218314941,0.1503056138753891
45,9,Tuned,NB,241,61,0.8852459016393442,0.8823529411764706,0.9090909090909091,0.8955223880597015,0.8766233766233766,0.8571428571428571,0.7687337199108693,0.11861197204566619
45,9,Tuned,KNN,241,61,0.8360655737704918,0.8285714285714286,0.8787878787878788,0.8529411764705882,0.9107142857142857,0.7857142857142857,0.6695942095771606,0.11861566484517307
45,9,Tuned,Stacking,241,61,0.8688524590163934,0.8571428571428571,0.9090909090909091,0.8823529411764706,0.9101731601731602,0.8214285714285714,0.7361174128087679,0.11301918061817362
46,9,Default,LR,241,61,0.9016393442622951,0.9090909090909091,0.9090909090909091,0.9090909090909091,0.949134199134199,0.8928571428571429,0.801948051948052,0.08539703570662435
46,9,Default,DT,241,61,0.7213114754098361,0.75,0.7272727272727273,0.7384615384615385,0.7207792207792209,0.7142857142857143,0.4406057793017954,0.2786885245901639
46,9,Default,RF,241,61,0.8852459016393442,0.8823529411764706,0.9090909090909091,0.8955223880597015,0.9318181818181819,0.8571428571428571,0.7687337199108693,0.10506393442622952
46,9,Default,XGB,241,61,0.8852459016393442,0.8823529411764706,0.9090909090909091,0.8955223880597015,0.9231601731601732,0.8571428571428571,0.7687337199108693,0.09546898305416107
46,9,Default,NB,241,61,0.7213114754098361,0.6666666666666666,0.9696969696969697,0.7901234567901234,0.9199134199134198,0.42857142857142855,0.48464031495144405,0.2274794332175714
46,9,Default,KNN,241,61,0.8688524590163934,0.9032258064516129,0.8484848484848485,0.875,0.9356060606060607,0.8928571428571429,0.738946695932336,0.09639344262295081
46,9,Default,Stacking,241,61,0.9016393442622951,0.9090909090909091,0.9090909090909091,0.9090909090909091,0.9383116883116882,0.8928571428571429,0.801948051948052,0.089257215062535
46,9,Tuned,LR,241,61,0.8688524590163934,0.8787878787878788,0.8787878787878788,0.8787878787878788,0.9383116883116882,0.8571428571428571,0.7359307359307359,0.1064132345243072
46,9,Tuned,DT,241,61,0.8524590163934426,0.8529411764705882,0.8787878787878788,0.8656716417910447,0.875,0.8214285714285714,0.7025010124044243,0.13577285100226155
46,9,Tuned,RF,241,61,0.9016393442622951,0.8857142857142857,0.9393939393939394,0.9117647058823529,0.9415584415584416,0.8571428571428571,0.8026406160403751,0.11464709475883886
46,9,Tuned,XGB,241,61,0.9344262295081968,0.9142857142857143,0.9696969696969697,0.9411764705882353,0.9534632034632035,0.8928571428571429,0.8691638192719822,0.08253920078277588
46,9,Tuned,NB,241,61,0.8852459016393442,0.8823529411764706,0.9090909090909091,0.8955223880597015,0.9199134199134198,0.8571428571428571,0.7687337199108693,0.10933866680858573
46,9,Tuned,KNN,241,61,0.8688524590163934,0.8571428571428571,0.9090909090909091,0.8823529411764706,0.9383116883116883,0.8214285714285714,0.7361174128087679,0.09707898338852067
46,9,Tuned,Stacking,241,61,0.8852459016393442,0.8823529411764706,0.9090909090909091,0.8955223880597015,0.9415584415584415,0.8571428571428571,0.7687337199108693,0.08425278670757011
47,9,Default,LR,242,60,0.8333333333333334,0.8055555555555556,0.90625,0.8529411764705882,0.9296875,0.75,0.6682922888477266,0.1135200881729346
47,9,Default,DT,242,60,0.7833333333333333,0.8064516129032258,0.78125,0.7936507936507936,0.7834821428571428,0.7857142857142857,0.5660175036135799,0.21666666666666667
47,9,Default,RF,242,60,0.8166666666666667,0.7692307692307693,0.9375,0.8450704225352113,0.9257812500000001,0.6785714285714286,0.6443815868826047,0.116325
47,9,Default,XGB,242,60,0.7833333333333333,0.7435897435897436,0.90625,0.8169014084507042,0.9151785714285715,0.6428571428571429,0.5743401100475389,0.13945072889328003
47,9,Default,NB,242,60,0.8333333333333334,0.8055555555555556,0.90625,0.8529411764705882,0.8772321428571428,0.75,0.6682922888477266,0.15889560379346407
47,9,Default,KNN,242,60,0.8,0.8125,0.8125,0.8125,0.8649553571428572,0.7857142857142857,0.5982142857142857,0.14866666666666664
47,9,Default,Stacking,242,60,0.8333333333333334,0.8055555555555556,0.90625,0.8529411764705882,0.9252232142857142,0.75,0.6682922888477266,0.11726167331904751
47,9,Tuned,LR,242,60,0.8333333333333334,0.8055555555555556,0.90625,0.8529411764705882,0.9296875,0.75,0.6682922888477266,0.1135200881729346
47,9,Tuned,DT,242,60,0.8166666666666667,0.8387096774193549,0.8125,0.8253968253968254,0.8962053571428572,0.8214285714285714,0.632869964670302,0.13161926909571234
47,9,Tuned,RF,242,60,0.8,0.7777777777777778,0.875,0.8235294117647058,0.9118303571428572,0.7142857142857143,0.600099198148979,0.13178560382316615
47,9,Tuned,XGB,242,60,0.8166666666666667,0.7837837837837838,0.90625,0.8405797101449275,0.9090401785714286,0.7142857142857143,0.636731017873357,0.12837961316108704
47,9,Tuned,NB,242,60,0.8333333333333334,0.8055555555555556,0.90625,0.8529411764705882,0.8772321428571428,0.75,0.6682922888477266,0.15889560379346407
47,9,Tuned,KNN,242,60,0.8333333333333334,0.8235294117647058,0.875,0.8484848484848485,0.9168526785714285,0.7857142857142857,0.6651836553993731,0.11827956989247314
47,9,Tuned,Stacking,242,60,0.8333333333333334,0.8055555555555556,0.90625,0.8529411764705882,0.9241071428571428,0.75,0.6682922888477266,0.1164489927348014
48,9,Default,LR,242,60,0.8333333333333334,0.8484848484848485,0.8484848484848485,0.8484848484848485,0.9046015712682379,0.8148148148148148,0.6632996632996633,0.13018035387205565
48,9,Default,DT,242,60,0.8333333333333334,0.8709677419354839,0.8181818181818182,0.84375,0.835016835016835,0.8518518518518519,0.667045768100612,0.16666666666666666
48,9,Default,RF,242,60,0.8666666666666667,0.8571428571428571,0.9090909090909091,0.8823529411764706,0.8872053872053873,0.8148148148148148,0.7304943077272633,0.1300516666666667
48,9,Default,XGB,242,60,0.85,0.8333333333333334,0.9090909090909091,0.8695652173913043,0.8810325476992145,0.7777777777777778,0.6975184488828855,0.13634763658046722
48,9,Default,NB,242,60,0.7833333333333333,0.8125,0.7878787878787878,0.8,0.8720538720538721,0.7777777777777778,0.5640760748177662,0.16575686312994092
48,9,Default,KNN,242,60,0.7833333333333333,0.8125,0.7878787878787878,0.8,0.8176206509539843,0.7777777777777778,0.5640760748177662,0.17866666666666664
48,9,Default,Stacking,242,60,0.8666666666666667,0.8571428571428571,0.9090909090909091,0.8823529411764706,0.8821548821548821,0.8148148148148148,0.7304943077272633,0.12872408454735076
48,9,Tuned,LR,242,60,0.8333333333333334,0.8484848484848485,0.8484848484848485,0.8484848484848485,0.9046015712682379,0.8148148148148148,0.6632996632996633,0.13018035387205565
48,9,Tuned,DT,242,60,0.8,0.7837837837837838,0.8787878787878788,0.8285714285714286,0.8569023569023568,0.7037037037037037,0.5960239698501034,0.1579084149930708
48,9,Tuned,RF,242,60,0.8666666666666667,0.8571428571428571,0.9090909090909091,0.8823529411764706,0.9068462401795736,0.8148148148148148,0.7304943077272633,0.1254366182298362
48,9,Tuned,XGB,242,60,0.8666666666666667,0.8571428571428571,0.9090909090909091,0.8823529411764706,0.9046015712682379,0.8148148148148148,0.7304943077272633,0.12543341517448425
48,9,Tuned,NB,242,60,0.7833333333333333,0.8125,0.7878787878787878,0.8,0.8709315375982043,0.7777777777777778,0.5640760748177662,0.16506601702206755
48,9,Tuned,KNN,242,60,0.8333333333333334,0.8285714285714286,0.8787878787878788,0.8529411764705882,0.8866442199775533,0.7777777777777778,0.6625413488689132,0.13450662334111263
48,9,Tuned,Stacking,242,60,0.85,0.8333333333333334,0.9090909090909091,0.8695652173913043,0.9046015712682379,0.7777777777777778,0.6975184488828855,0.12091863503750169
49,9,Default,LR,242,60,0.7833333333333333,0.7941176470588235,0.8181818181818182,0.8059701492537313,0.8821548821548821,0.7407407407407407,0.561131124067762,0.1402264410824116
49,9,Default,DT,242,60,0.75,0.8,0.7272727272727273,0.7619047619047619,0.7525252525252525,0.7777777777777778,0.502518907629606,0.25
49,9,Default,RF,242,60,0.7666666666666667,0.8275862068965517,0.7272727272727273,0.7741935483870968,0.8709315375982043,0.8148148148148148,0.539670194292455,0.14529166666666665
49,9,Default,XGB,242,60,0.7666666666666667,0.7878787878787878,0.7878787878787878,0.7878787878787878,0.8585858585858586,0.7407407407407407,0.5286195286195287,0.18157291412353516
49,9,Default,NB,242,60,0.8166666666666667,0.8235294117647058,0.8484848484848485,0.835820895522388,0.8742985409652078,0.7777777777777778,0.6287372835939984,0.1628867683511757
49,9,Default,KNN,242,60,0.7833333333333333,0.8125,0.7878787878787878,0.8,0.813692480359147,0.7777777777777778,0.5640760748177662,0.17733333333333334
49,9,Default,Stacking,242,60,0.7833333333333333,0.7941176470588235,0.8181818181818182,0.8059701492537313,0.8810325476992144,0.7407407407407407,0.561131124067762,0.14271639102081482
49,9,Tuned,LR,242,60,0.7833333333333333,0.7777777777777778,0.8484848484848485,0.8115942028985508,0.867564534231201,0.7037037037037037,0.5607501255725158,0.14792978099633022
49,9,Tuned,DT,242,60,0.7833333333333333,0.7777777777777778,0.8484848484848485,0.8115942028985508,0.8221099887766555,0.7037037037037037,0.5607501255725158,0.18336736268060946
49,9,Tuned,RF,242,60,0.7666666666666667,0.8064516129032258,0.7575757575757576,0.78125,0.877665544332211,0.7777777777777778,0.5329662167236046,0.14558454674632143
49,9,Tuned,XGB,242,60,0.8166666666666667,0.84375,0.8181818181818182,0.8307692307692308,0.8956228956228957,0.8148148148148148,0.6312279884865479,0.13749104738235474
49,9,Tuned,NB,242,60,0.8166666666666667,0.8235294117647058,0.8484848484848485,0.835820895522388,0.8754208754208755,0.7777777777777778,0.6287372835939984,0.16327123984865782
49,9,Tuned,KNN,242,60,0.7666666666666667,0.7878787878787878,0.7878787878787878,0.7878787878787878,0.8619528619528619,0.7407407407407407,0.5286195286195287,0.15656561582832274
49,9,Tuned,Stacking,242,60,0.7666666666666667,0.7878787878787878,0.7878787878787878,0.7878787878787878,0.8888888888888891,0.7407407407407407,0.5286195286195287,0.14387164820221296
